-- --------------------------------------------------------
-- Host:                         127.0.0.1
-- Server version:               10.4.24-MariaDB - mariadb.org binary distribution
-- Server OS:                    Win64
-- HeidiSQL Version:             11.3.0.6295
-- --------------------------------------------------------

/*!40101 SET @OLD_CHARACTER_SET_CLIENT=@@CHARACTER_SET_CLIENT */;
/*!40101 SET NAMES utf8 */;
/*!50503 SET NAMES utf8mb4 */;
/*!40014 SET @OLD_FOREIGN_KEY_CHECKS=@@FOREIGN_KEY_CHECKS, FOREIGN_KEY_CHECKS=0 */;
/*!40101 SET @OLD_SQL_MODE=@@SQL_MODE, SQL_MODE='NO_AUTO_VALUE_ON_ZERO' */;
/*!40111 SET @OLD_SQL_NOTES=@@SQL_NOTES, SQL_NOTES=0 */;


-- Dumping database structure for commenau
CREATE DATABASE IF NOT EXISTS `commenau` /*!40100 DEFAULT CHARACTER SET utf8mb4 */;
USE `commenau`;

-- Dumping structure for table commenau.blogs
CREATE TABLE IF NOT EXISTS `blogs` (
  `id` int(11) NOT NULL AUTO_INCREMENT,
  `title` varchar(255) CHARACTER SET utf8mb4 NOT NULL,
  `image` text CHARACTER SET utf8mb4 DEFAULT NULL,
  `shortDescription` varchar(1500) CHARACTER SET utf8mb4 DEFAULT NULL,
  `content` mediumtext CHARACTER SET utf8mb4 DEFAULT NULL,
  `createdBy` varchar(255) CHARACTER SET utf8mb4 DEFAULT NULL,
  `createdAt` datetime DEFAULT current_timestamp(),
  `updatedAt` datetime DEFAULT current_timestamp() ON UPDATE current_timestamp(),
  PRIMARY KEY (`id`)
) ENGINE=InnoDB AUTO_INCREMENT=56 DEFAULT CHARSET=utf8;

-- Dumping data for table commenau.blogs: ~13 rows (approximately)
/*!40000 ALTER TABLE `blogs` DISABLE KEYS */;
INSERT INTO `blogs` (`id`, `title`, `image`, `shortDescription`, `content`, `createdBy`, `createdAt`, `updatedAt`) VALUES
	(3, 'Gạo tấm là gạo gì? Có bao nhiêu loại, đặc điểm, lợi ích của gạo tấm', '3.jpg', 'Cơm tấm là một món ăn ngon, quen thuộc, chắc hẳn ai cũng từng nếm thử ít nhất 1 lần trong đời. Nhưng có bao giờ bạn tự đặt ra cho mình câu hỏi món ăn này được nấu từ loại gạo gì không? Đó chính là gạo tấm. Vậy gạo tấm là gì? Có bao nhiêu loại? Loại gạo này có đặc điểm gì? Tất cả sẽ được giải đáp chi tiết trong bài viết dưới đây, cùng theo dõi nhé!', '<h2 style="box-sizing: border-box; color: rgb(10, 10, 10); width: 1050px; text-rendering: optimizespeed; font-size: 1.6em; line-height: 1.3; font-family: Inter, sans-serif; letter-spacing: normal; text-align: justify;">Gạo tấm là gạo gì?</h2><h3 style="box-sizing: border-box; color: rgb(10, 10, 10); width: 1050px; text-rendering: optimizespeed; font-size: 1.25em; font-family: Inter, sans-serif; letter-spacing: normal; text-align: justify;"><span class="ez-toc-section" id="Gao_tam_la_gi" ez-toc-data-id="#Gao_tam_la_gi" style="box-sizing: border-box; -webkit-box-decoration-break: clone;"></span>Gạo tấm là gì?<span class="ez-toc-section-end" style="box-sizing: border-box; -webkit-box-decoration-break: clone;"></span></h3><p style="box-sizing: border-box; margin-bottom: 1.3em; color: rgb(10, 10, 10); font-family: Inter, sans-serif; font-size: 15px; text-align: justify;">Gạo tấm là những hạt gạo bị vỡ, gãy vụn do phơi khô. Khi xay lúa để ra thành phẩm là những hạt gạo. Người ta thường trải qua một công đoạn đó là sàng gạo, lúc này, những hạt gạo bị vỡ, vụn sẽ được lọc riêng ra. Những hạt gạo này được gọi là gạo tấm. Tuy về mặt hình thức thì không được đẹp, được chắc mẩy nhưng nó vẫn mang giá trị dinh dưỡng dồi dào bởi phôi và cám gạo vẫn được giữ nguyên.</p><p style="box-sizing: border-box; margin-bottom: 1.3em; color: rgb(10, 10, 10); font-family: Inter, sans-serif; font-size: 15px; text-align: justify;">Trong quá trình xay sàng gạo, phần đầu của những hạt gạo là hạt tấm sẽ bị phá vỡ bởi máy xay khi tách vỏ trấu. Ngày ngày, công nghiệp phát triển, người ta sẽ dùng máy sàng để sàng gạo. Còn thuở xa xưa, khi mà nền công nông nghiệp vẫn còn thô sơ, chưa phát triển. Những người nông dân sẽ sử dụng sàng thủ công để có thể lọc riêng gạo nguyên hạt và gạo tấm.</p><p style="box-sizing: border-box; margin-bottom: 1.3em; color: rgb(10, 10, 10); font-family: Inter, sans-serif; font-size: 15px; text-align: justify;">Hiện nay, gạo tấm trở thành một loại nông sản được bán chạy trên thị trường. Không chỉ Việt Nam, một số quốc gia khác như Thái Lan, hay các quốc gia Đông Nam Á khác, họ cũng tiêu thụ gạo với một khối lượng cực kỳ nhiều. Họ sử dụng gạo tấm cho nhiều mục đích khác nhau như: làm cơm tấm, chăn nuôi, chế biến thành bột để sử dụng trong giặt giũ, sản xuất mỹ phẩm,…</p><h3 style="box-sizing: border-box; color: rgb(10, 10, 10); width: 1050px; text-rendering: optimizespeed; font-size: 1.25em; font-family: Inter, sans-serif; letter-spacing: normal; text-align: justify;"><span class="ez-toc-section" id="Dac_diem_cua_gao" ez-toc-data-id="#Dac_diem_cua_gao" style="box-sizing: border-box; -webkit-box-decoration-break: clone;"></span>Đặc điểm của gạo<span class="ez-toc-section-end" style="box-sizing: border-box; -webkit-box-decoration-break: clone;"></span></h3><p style="box-sizing: border-box; margin-bottom: 1.3em; color: rgb(10, 10, 10); font-family: Inter, sans-serif; font-size: 15px; text-align: justify;">Có đặc điểm gì, nó khác gì so với các loại gạo thông thường khác. Loại gạo ngon sẽ có màu trắng đục. Khi nấu xong, gạo ngon sẽ cho bạn những nồi cơm có độ mềm nhưng vẫn ráo nước, hạt cơm tơi, khi ăn có độ dẻo và vị ngọt. Đặc biệt, kể cả khi cơm có bị nguội thì khi ăn bạn vẫn cảm thấy ngon.</p><p style="box-sizing: border-box; margin-bottom: 1.3em; color: rgb(10, 10, 10); font-family: Inter, sans-serif; font-size: 15px; text-align: justify;">Để gạo được chín đều khi nấu, cách nấu gạo tấm ngon là bạn hãy ngâm gạo trước 30 phút để hạt gạo hình thành những vết nứt. Sau 30 phút, vớt gạo ra để cho ráo nước. Cách nấu cơm gạo cũng rất đặc biệt. Bạn hãy đun một nồi nước, khi nước sôi mới tiến hành cho gạo vào sau đó khuấy đều. Khi nước cơm gần cạn, bạn hãy mở vung, sau đó xới cơm một lần để cơm được chín đều, sau đó vặn nhỏ lửa và chờ cơm chín.</p><h2 style="box-sizing: border-box; color: rgb(10, 10, 10); width: 1050px; text-rendering: optimizespeed; font-size: 1.6em; line-height: 1.3; font-family: Inter, sans-serif; letter-spacing: normal; text-align: justify;"><span class="ez-toc-section" id="Cac_loai_gao_tam_ngon_hien_nay" ez-toc-data-id="#Cac_loai_gao_tam_ngon_hien_nay" style="box-sizing: border-box; -webkit-box-decoration-break: clone;"></span>Các loại gạo tấm ngon hiện nay</h2><h3 style="box-sizing: border-box; color: rgb(10, 10, 10); width: 1050px; text-rendering: optimizespeed; font-size: 1.25em; font-family: Inter, sans-serif; letter-spacing: normal; text-align: justify;"><span class="ez-toc-section" id="Gao_Tai_Nguyen" ez-toc-data-id="#Gao_Tai_Nguyen" style="box-sizing: border-box; -webkit-box-decoration-break: clone;"></span>Gạo Tài Nguyên<span class="ez-toc-section-end" style="box-sizing: border-box; -webkit-box-decoration-break: clone;"></span></h3><p style="box-sizing: border-box; margin-bottom: 1.3em; color: rgb(10, 10, 10); font-family: Inter, sans-serif; font-size: 15px; text-align: justify;">Đây là một trong những loại gạo ngon nhất hiện nay, được nhiều nhà hàng, quán ăn lựa chọn. Loại gạo này có nguồn gốc xuất xứ từ Long An. Gạo tấm Tài Nguyên được đánh giá là loại gạo vừa ngon vừa quý. Mỗi năm, loại gạo này chỉ thu hoạch được 1 vụ sau 6 tháng gieo trồng. Loại gạo này nổi tiếng bởi hương thơm tự nhiên, hạt cơm khi nấu lên thì mềm, dẻo, có độ ráo cực kỳ dễ ăn.</p><h3 style="box-sizing: border-box; color: rgb(10, 10, 10); width: 1050px; text-rendering: optimizespeed; font-size: 1.25em; font-family: Inter, sans-serif; letter-spacing: normal; text-align: justify;"><span class="ez-toc-section" id="Gao_Dai_Loan" ez-toc-data-id="#Gao_Dai_Loan" style="box-sizing: border-box; -webkit-box-decoration-break: clone;"></span>Gạo Đài Loan<span class="ez-toc-section-end" style="box-sizing: border-box; -webkit-box-decoration-break: clone;"></span></h3><p style="box-sizing: border-box; margin-bottom: 1.3em; color: rgb(10, 10, 10); font-family: Inter, sans-serif; font-size: 15px; text-align: justify;">Loại gạo này có hạt giống nhập khẩu, tuy nhiên, nhờ được bồi đắp bởi phù sa màu mỡ của sông Cửu Long. Gạo Đài Loan mang giá trị dinh dưỡng cực kỳ cao. Loại gạo này rất dễ nấ. Khi nấu xong cho thành phẩm là những hạt cơm vừa mềm vừa dẻo, có mùi thơm cực kỳ tự nhiên. Giá thành của gạo tấm Đài Loan cũng tương đối phải chăng nên phù hợp với điều kiện kinh tế của nhiều người.</p><h3 style="box-sizing: border-box; color: rgb(10, 10, 10); width: 1050px; text-rendering: optimizespeed; font-size: 1.25em; font-family: Inter, sans-serif; letter-spacing: normal; text-align: justify;"><span class="ez-toc-section" id="Gao_tam_Sa_Mo" ez-toc-data-id="#Gao_tam_Sa_Mo" style="box-sizing: border-box; -webkit-box-decoration-break: clone;"></span>Gạo tấm Sa Mơ<span class="ez-toc-section-end" style="box-sizing: border-box; -webkit-box-decoration-break: clone;"></span></h3><p style="box-sizing: border-box; margin-bottom: 1.3em; color: rgb(10, 10, 10); font-family: Inter, sans-serif; font-size: 15px; text-align: justify;">Loại gạo này cũng được sử dụng rất rộng rãi trong các nhà hàng quán ăn. Sở dĩ loại gạo này được ưa chuộng như vậy bởi hạt tấm đều, nhỏ. Khi nấu lên thì hạt cơm nở xốp, có độ mềm, lại có vị ngọt nhẹ cực kỳ dễ ăn.</p><h3 style="box-sizing: border-box; color: rgb(10, 10, 10); width: 1050px; text-rendering: optimizespeed; font-size: 1.25em; font-family: Inter, sans-serif; letter-spacing: normal; text-align: justify;"><span class="ez-toc-section" id="Gao_tam_So_ri" ez-toc-data-id="#Gao_tam_So_ri" style="box-sizing: border-box; -webkit-box-decoration-break: clone;"></span>Gạo tấm Sơ ri<span class="ez-toc-section-end" style="box-sizing: border-box; -webkit-box-decoration-break: clone;"></span></h3><p style="box-sizing: border-box; margin-bottom: 1.3em; color: rgb(10, 10, 10); font-family: Inter, sans-serif; font-size: 15px; text-align: justify;">Loại gạo tấm này được trồng rộng rãi ở các tỉnh miền Tây Nam Bộ. Khi nấu lên, loại gạo này cho những hạt cơm cực kỳ khô ráo, tuy nhiên vẫn có độ mềm. Loại gạo này thích hợp để chế biến thành nhiều món ăn khác như cơm rang, làm bún hay làm các loại bánh xèo,…</p><h3 style="box-sizing: border-box; color: rgb(10, 10, 10); width: 1050px; text-rendering: optimizespeed; font-size: 1.25em; font-family: Inter, sans-serif; letter-spacing: normal; text-align: justify;"><span class="ez-toc-section" id="Gao_504_cu" ez-toc-data-id="#Gao_504_cu" style="box-sizing: border-box; -webkit-box-decoration-break: clone;"></span>Gạo 504 cũ<span class="ez-toc-section-end" style="box-sizing: border-box; -webkit-box-decoration-break: clone;"></span></h3><p style="box-sizing: border-box; margin-bottom: 1.3em; color: rgb(10, 10, 10); font-family: Inter, sans-serif; font-size: 15px; text-align: justify;">Loại gạo này thường được sử dụng để làm bún tươi, làm bánh xèo, bánh bò. Ngoài ra, với đặc tính nở xốp, thơm mùi gạo, loại gạo này còn được sử dụng để ủ bia tươi.</p><h2 style="box-sizing: border-box; color: rgb(10, 10, 10); width: 1050px; text-rendering: optimizespeed; font-size: 1.6em; line-height: 1.3; font-family: Inter, sans-serif; letter-spacing: normal; text-align: justify;"><span class="ez-toc-section" id="Gao_tam_gia_bao_nhieu" ez-toc-data-id="#Gao_tam_gia_bao_nhieu" style="box-sizing: border-box; -webkit-box-decoration-break: clone;"></span>Gạo tấm giá bao nhiêu<span class="ez-toc-section-end" style="box-sizing: border-box; -webkit-box-decoration-break: clone;"></span></h2><p style="box-sizing: border-box; margin-bottom: 1.3em; color: rgb(10, 10, 10); font-family: Inter, sans-serif; font-size: 15px; text-align: justify;">Trên thị trường hiện nay, gạo có rất nhiều loại. Tùy vào từng loại gạo mà giá thành sẽ có sự khác nhau. Nhưng thông thường, giá gạo sẽ dao động từ khoảng 12.000 – 16.000 đồng/kg.</p><h2 style="box-sizing: border-box; color: rgb(10, 10, 10); width: 1050px; text-rendering: optimizespeed; font-size: 1.6em; line-height: 1.3; font-family: Inter, sans-serif; letter-spacing: normal; text-align: justify;"><span class="ez-toc-section" id="Mua_gao_tam_o_dau_tot" ez-toc-data-id="#Mua_gao_tam_o_dau_tot" style="box-sizing: border-box; -webkit-box-decoration-break: clone;"></span>Mua gạo tấm ở đâu tốt?<span class="ez-toc-section-end" style="box-sizing: border-box; -webkit-box-decoration-break: clone;"></span></h2><p style="box-sizing: border-box; margin-bottom: 1.3em; color: rgb(10, 10, 10); font-family: Inter, sans-serif; font-size: 15px; text-align: justify;">Để mua được gạo chất lượng, thơm ngon, bạn nên lựa chọn những địa chỉ uy tín. Bạn có thể lựa chọn các siêu thị, cửa hàng tiện lợi, các cửa hàng bán lẻ. Tuy nhiên, khi mua gạo bạn cần chú ý đến ngày sản xuất, hạn sử dụng cũng như nguồn gốc xuất xứ của gạo, ưu tiên lựa chọn các loại gạo nổi tiếng.</p><p style="box-sizing: border-box; margin-bottom: 1.3em; color: rgb(10, 10, 10); font-family: Inter, sans-serif; font-size: 15px; text-align: justify;">Gợi ý một địa chỉ mua gạo tấm uy tín cho bạn là&nbsp; Gạo Ngon Online. Đây là công ty gạo đã có mặt gần 10 năm trên thị trường. Gạo Ngon Online hiện nay đang là đơn vị cung ứng gạo nếp, gạo uy tín cho hàng trăm. Thậm chí là hàng ngàn công ty, nhà hàng, quán ăn, các đại lý lớn nhỏ trên toàn quốc. Chất lượng gạo ở đây luôn được khách hàng đánh giá rất cao. Gạo không những ngon mà còn có mức giá phải chăng, đặc biệt có nguồn gốc xuất xứ rõ ràng nên cực kỳ an toàn đối với sức khỏe người dùng.</p>', NULL, '2023-10-22 20:58:18', '2023-12-06 14:19:36'),
	(4, 'Hướng dẫn cách làm sườn chay cơm tấm thơm ngon, dễ làm trong ngày rằm', '4.jpg', 'Một trong những món ăn được nhiều người ưa thích và lựa chọn đó là sườn chay cơm tấm. Sườn chay cơm tấm có thể được lựa chọn làm bữa ăn chính trong gia đình hoặc bạn có thể chế biến chúng vào các dịp đặc biệt trong năm. Nhắc tới sườn chay cơm tấm bạn có thể hình dung với một hương vị thơm ngon, đậm đà, cuốn hút mà không hề có cảm giác khô, ngấy. Sườn chay cơm tấm là một món ngon hấp dẫn. Hãy cùng Cơm tấm Hướng Dương khám phá ngay cách làm sườn chay ngay tại bài viết này của chúng tôi nhé.', '<p>This is online TEXT to H</p><h2 style="box-sizing: border-box; color: rgb(10, 10, 10); width: 1050px; text-rendering: optimizespeed; font-size: 1.6em; line-height: 1.3; font-family: Inter, sans-serif; letter-spacing: normal; text-align: justify;">Sườn chay cơm tấm được làm từ gì?<span class="ez-toc-section-end" style="box-sizing: border-box; -webkit-box-decoration-break: clone;"></span></h2><p style="box-sizing: border-box; margin-bottom: 1.3em; color: rgb(10, 10, 10); font-family: Inter, sans-serif; font-size: 15px; text-align: justify;">Sườn chay cơm tấm là một món ăn chay ngon và hấp dẫn, được làm từ các nguyên liệu như sườn chay, cơm tấm, dưa leo, củ cải trắng, cà rốt, sả, dừa, nước mắm chay và gia vị. \r\nSườn chay hay còn gọi là một loại thịt chay được làm từ các thành phần như đậu nành, lúa mì, bột khoai sọ và được nêm thêm gia vị sao cho vừa miệng.</p><p style="box-sizing: border-box; margin-bottom: 1.3em; color: rgb(10, 10, 10); font-family: Inter, sans-serif; font-size: 15px; text-align: justify;">Nhìn tổng thể miếng sườn chay thì chúng có hình dáng rất giống những miếng sườn heo, thưởng thức chúng sẽ có mùi thơm và khi ăn có sự dai dai và ngọt tự nhiên.</p><p style="box-sizing: border-box; margin-bottom: 1.3em; color: rgb(10, 10, 10); font-family: Inter, sans-serif; font-size: 15px; text-align: justify;">Cách làm sườn chay không quá phức tạp, bạn có thể làm tại nhà hay mua sườn chay chế biến sẵn. Sườn chay\r\n có thể được chế biến thành nhiều món ăn khác nhau và mang những hương vị thơm ngon độc đáo riêng biệt. Các món ăn phổ biến từ sườn chay như sườn chay chiên, sườn chay chiên giòn, sườn chay xào chua ngọt, cơm sườn chay, sườn chay kho thơm, sườn chay chiên nước mắm…</p><p style="box-sizing: border-box; margin-bottom: 1.3em; color: rgb(10, 10, 10); font-family: Inter, sans-serif; font-size: 15px; text-align: justify;">Để làm món cơm tấm sườn chay cũng không quá khó với các nguyên liệu cần thiết như sau:</p><ul style="box-sizing: border-box; list-style-position: initial; list-style-image: initial; margin-bottom: 1.3em; color: rgb(10, 10, 10); font-family: Inter, sans-serif; font-size: 15px; text-align: justify;">\r\n <li aria-level="1" style="box-sizing: border-box; margin-bottom: 0.6em; margin-left: 1.3em;">&nbsp;Sườn chay 300 gr</li><li aria-level="1" style="box-sizing: border-box; margin-bottom: 0.6em; margin-left: 1.3em;">&nbsp;Tỏi 10 gr</li><li aria-level="1" style="box-sizing: border-box; margin-bottom: 0.6em; margin-left: 1.3em;">&nbsp;Dầu hào chay 20 ml</li><li aria-level="1" style="box-sizing: border-box; margin-bottom: 0.6em; margin-left: 1.3em;">&nbsp;Đường 60 gr</li><li aria-level="1" style="box-sizing: border-box; margin-bottom: 0.6em; margin-left: 1.3em;">&nbsp;Nước 50 ml</li><li aria-level="1" style="box-sizing: border-box; margin-bottom: 0.6em; margin-left: 1.3em;">&nbsp;Dầu điều 10 ml</li><li ar\r\n ia-level="1" style="box-sizing: border-box; margin-bottom: 0.6em; margin-left: 1.3em;">&nbsp;Tương cà 30 gr</li><li aria-level="1" style="box-sizing: border-box; margin-bottom: 0.6em; margin-left: 1.3em;">&nbsp;Tương ớt 20 gr</li><li aria-level="1" style="box-sizing: border-box; margin-bottom: 0.6em; margin-left: 1.3em;">&nbsp;Rượu mai quế lộ 20 ml</li><li aria-level="1" style="box-sizing: border-box; margin-bottom: 0.6em; margin-left: 1.3em;">&nbsp;Tiêu 5 gr</li><li aria-level="1" style="box-sizing: border-box; margin-bottom: 0.6em; margin-left: 1.3em;">&nbsp;Mật ong 30 ml</li><li aria-level="1" style="box-sizing: border-box; margin-bottom: 0.6em; margin-left: 1.3em;">&nbsp;Muối 10 gr</li><li aria-\r\n level="1" style="box-sizing: border-box; margin-bottom: 0.6em; margin-left: 1.3em;">&nbsp;Bột ngọt 5 gr</li></ul><h3 style="box-sizing: border-box; color: rgb(10, 10, 10); width: 1050px; text-rendering: optimizespeed; font-size: 1.25em; font-family: Inter, sans-serif; letter-spacing: normal; text-align: justify;"><span class="ez-toc-section" id="Che_bien_suon_chay" ez-toc-data-id="#Che_bien_suon_chay" style="box-sizing: border-box; -webkit-box-decoration-break: clone;"></span>Chế biến sườn chay<span class="ez-toc-section-end" style="box-sizing: border-box; -webkit-box-decoration-break: clone;"></span></h3><p style="box-sizing: border-box; margin-bottom: 1.3em; color: rgb(10, 10, 10); font-family: In\r\n ter, sans-serif; font-size: 15px; text-align: justify;">Sườn chay chính là linh hồn của món cơm tấm sườn chay. Và để có được thành phẩm sườn chay ưng ý thì khâu chế biến sườn rất quan trọng.</p><h3 style="box-sizing: border-box; color: rgb(10, 10, 10); width: 1050px; text-rendering: optimizespeed; font-size: 1.25em; font-family: Inter, sans-serif; letter-spacing: normal; text-align: justify;"><span class="ez-toc-section" id="Lam_sot_suon_chay" ez-toc-data-id="#Lam_sot_suon_chay" style="box-sizing: border-box; -webkit-box-decoration-break: clone;"></span>Làm sốt sườn chay<span class="ez-toc-section-end" style="box-sizing: border-box; -webkit-box-decoration-break: clone;"></span></h3><p style="box-siz\r\n ing: border-box; margin-bottom: 1.3em; color: rgb(10, 10, 10); font-family: Inter, sans-serif; font-size: 15px; text-align: justify;">Trước hết bạn cần làm sốt cho món sườn chay. Sốt sườn chay được thực hiện như sau:</p><ul style="box-sizing: border-box; list-style-position: initial; list-style-image: initial; margin-bottom: 1.3em; color: rgb(10, 10, 10); font-family: Inter, sans-serif; font-size: 15px; text-align: justify;"><li aria-level="1" style="box-sizing: border-box; margin-bottom: 0.6em; margin-left: 1.3em;">Cho dầu vào chảo bật bếp để chảo nóng và cho dầu vào khi dầu nóng bạn tiến hành cho phần tỏi băm vào và phi cho vàng đều.</li><li aria-level="1" style="box-sizing: border-box; margin-bot\r\n tom: 0.6em; margin-left: 1.3em;">Cho 1 muỗng canh dầu điều vào tỏi phi cùng 2 muỗng canh tương cà kết hợp với 1 muỗng canh tương ớt và 1 muỗng canh rượu mai quế lộ, 5gr tiêu và 2 muỗng canh mật ong, 1 muỗng canh muối, 5gr bột ngọt, 1 muỗng canh dầu hào chay, 3 muỗng canh đường.</li><li aria-level="1" style="box-sizing: border-box; margin-bottom: 0.6em; margin-left: 1.3em;">Khuấy đều hỗn hợp sau đó đun ở lửa nhỏ sao cho gia vị hòa tan và quyện vào nhau.<br style="box-sizing: border-box;">Ướp sườn</li></ul><h3 style="box-sizing: border-box; color: rgb(10, 10, 10); width: 1050px; text-rendering: optimizespeed; font-size: 1.25em; font-family: Inter, sans-serif; letter-spacing: normal; text-align: justif\r\n y;"><span class="ez-toc-section" id="Uop_suon_chay" ez-toc-data-id="#Uop_suon_chay" style="box-sizing: border-box; -webkit-box-decoration-break: clone;"></span>Uớp sườn chay<span class="ez-toc-section-end" style="box-sizing: border-box; -webkit-box-decoration-break: clone;"></span></h3><ul style="box-sizing: border-box; list-style-position: initial; list-style-image: initial; margin-bottom: 1.3em; color: rgb(10, 10, 10); font-family: Inter, sans-serif; font-size: 15px; text-align: justify;"><li aria-level="1" style="box-sizing: border-box; margin-bottom: 0.6em; margin-left: 1.3em;">Trước hết bạn cần ngâm sườn non chay trong nước khoảng 30 phút.</li><li aria-level="1" style="box-sizing: border-box; m\r\n argin-bottom: 0.6em; margin-left: 1.3em;">Tiến hành vớt sườn đã ngâm và vắt cho ráo nước, chiên sơ 5 miếng sườn trong chảo đã nóng dầu để đảm bảo sao cho sườn mềm bên trong và giòn bên ngoài. Sau đó, cho sườn ra để ráo dầu</li><li aria-level="1" style="box-sizing: border-box; margin-bottom: 0.6em; margin-left: 1.3em;">Trộn phần sốt đã chuẩn bị bên trên và ướp tầm 30 phút cho sườn thấm đều. Tiếp đến bạn dùng cây tăm đâm lỗ trên bề mặt sườn để miếng sườn thấm sốt ngon và đậm đà hơn.</li><li aria-level="1" style="box-sizing: border-box; margin-bottom: 0.6em; margin-left: 1.3em;">Sử dụng 50ml nước cùng 1 muỗng cà phê đường lên chảo, khi nước sôi hoàn toàn bạn tiến hành cho toàn bột phần sườn đã ướp vào \r\n và khìa cho đến khi cạn nước là thịt sẽ mềm ngon.</li><li aria-level="1" style="box-sizing: border-box; margin-bottom: 0.6em; margin-left: 1.3em;">Thành phẩm thu được miếng sườn chay thơm, mềm bên trong, giòn bên ngoài, màu vàng bắt mắt.</li></ul><h2 style="box-sizing: border-box; color: rgb(10, 10, 10); width: 1050px; text-rendering: optimizespeed; font-size: 1.6em; line-height: 1.3; font-family: Inter, sans-serif; letter-spacing: normal; text-align: justify;"><span class="ez-toc-section" id="Cach_lam_suon_chay_com_tam_thom_ngon_de_lam" ez-toc-data-id="#Cach_lam_suon_chay_com_tam_thom_ngon_de_lam" style="box-sizing: border-box; -webkit-box-decoration-break: clone;"></span>Cách làm sườn chay cơm tấm\r\n  thơm ngon dễ làm</h2><h3 style="box-sizing: border-box; color: rgb(10, 10, 10); width: 1050px; text-rendering: optimizespeed; font-size: 1.25em; font-family: Inter, sans-serif; letter-spacing: normal; text-align: justify;"><span class="ez-toc-section" id="Cach_lam_suon_chay_gion" ez-toc-data-id="#Cach_lam_suon_chay_gion" style="box-sizing: border-box; -webkit-box-decoration-break: clone;"></span>Cách làm sườn chay giòn<span class="ez-toc-section-end" style="box-sizing: border-box; -webkit-box-decoration-break: clone;"></span></h3><p style="box-sizing: border-box; margin-bottom: 1.3em; color: rgb(10, 10, 10); font-family: Inter, sans-serif; font-size: 15px; text-align: justify;">Sườn chay giòn rất đ\r\n  ơn giản và dễ làm. Các nguyên liệu cần có như sau:</p><ul style="box-sizing: border-box; list-style-position: initial; list-style-image: initial; margin-bottom: 1.3em; color: rgb(10, 10, 10); font-family: Inter, sans-serif; font-size: 15px; text-align: justify;"><li aria-level="1" style="box-sizing: border-box; margin-bottom: 0.6em; margin-left: 1.3em;">300gr sườn chay</li><li aria-level="1" style="box-sizing: border-box; margin-bottom: 0.6em; margin-left: 1.3em;">Gia vị: Muối, đường, hạt nêm, tiêu, bột ngọt, dầu ăn</li></ul><p style="box-sizing: border-box; margin-bottom: 1.3em; color: rgb(10, 10, 10); font-family: Inter, sans-serif; font-size: 15px; text-align: justify;">Cách làm sườn chay chiên \r\n  giòn như sau:</p><p style="box-sizing: border-box; margin-bottom: 1.3em; color: rgb(10, 10, 10); font-family: Inter, sans-serif; font-size: 15px; text-align: justify;">Sườn chay mua về bạn ngâm trong nước cho nở,&nbsp; tiếp đến vắt ráo nước rồi đem xé nhỏ thành từng miếng mỏng vừa ăn. Ướp sườn với gia vị gồm một ít muối , đường, hạt nêm, tiêu, và bột ngọt phù hợp với khẩu vị của bạn.</p><p style="box-sizing: border-box; margin-bottom: 1.3em; color: rgb(10, 10, 10); font-family: Inter, sans-serif; font-size: 15px; text-align: justify;">Tiếp đến bắc chảo lên bếp, đợi đến khi chảo nóng thì bạn cho 500ml dầu ăn vào chảo, sau đó đợi dầu sôi lên rồi cho sườn chay đã ướp vào chiên. Khi chiên bạn cần để lử\r\n  a vừa cho đến khi sườn chín vàng thì bạn cho ra để ráo dầu là thu được thành phẩm.</p><h3 style="box-sizing: border-box; color: rgb(10, 10, 10); width: 1050px; text-rendering: optimizespeed; font-size: 1.25em; font-family: Inter, sans-serif; letter-spacing: normal; text-align: justify;"><span class="ez-toc-section" id="Cach_lam_suon_chay_rim_nuoc_tuong" ez-toc-data-id="#Cach_lam_suon_chay_rim_nuoc_tuong" style="box-sizing: border-box; -webkit-box-decoration-break: clone;"></span>Cách làm sườn chay rim nước tương<span class="ez-toc-section-end" style="box-sizing: border-box; -webkit-box-decoration-break: clone;"></span></h3><p style="box-sizing: border-box; margin-bottom: 1.3em; color: rgb(10, 10, 1\r\n  0); font-family: Inter, sans-serif; font-size: 15px; text-align: justify;">Sườn chay rim nước tương rất đơn giản và dễ làm. Để có được cách làm sườn chay rim với nước tương bạn cần chuẩn bị nguyên liệu như sau:</p><ul style="box-sizing: border-box; list-style-position: initial; list-style-image: initial; margin-bottom: 1.3em; color: rgb(10, 10, 10); font-family: Inter, sans-serif; font-size: 15px; text-align: justify;"><li aria-level="1" style="box-sizing: border-box; margin-bottom: 0.6em; margin-left: 1.3em;">Khoảng 300gr sườn chay</li><li aria-level="1" style="box-sizing: border-box; margin-bottom: 0.6em; margin-left: 1.3em;">Gia vị nước tương, tỏi, dầu ăn, đường</li></ul><p style="box-sizing: bo\r\n  rder-box; margin-bottom: 1.3em; color: rgb(10, 10, 10); font-family: Inter, sans-serif; font-size: 15px; text-align: justify;">Cách thức tiến hành như sau:</p><p style="box-sizing: border-box; margin-bottom: 1.3em; color: rgb(10, 10, 10); font-family: Inter, sans-serif; font-size: 15px; text-align: justify;">Bạn cũng cần ngâm sườn chay vào nước khoảng 30 phút, sau đó rửa sạch và cắt thành miếng vừa ăn.</p><p style="box-sizing: border-box; margin-bottom: 1.3em; color: rgb(10, 10, 10); font-family: Inter, sans-serif; font-size: 15px; text-align: justify;">Tiếp theo, bắc chảo lên bếp đợi chảo nóng và cho dầu ăn và phi thơm cùng với tỏi sau đó bạn tiến hành bỏ đường và nước tương. Hỗn hợp đã hòa quyện \r\n  thì bỏ sườn chay chiên và rim trên lửa nhỏ sao cho cho sườn chay thấm gia vị và hơi keo lại.</p><p style="box-sizing: border-box; margin-bottom: 1.3em; color: rgb(10, 10, 10); font-family: Inter, sans-serif; font-size: 15px; text-align: justify;">Thành phẩm thu được món sườn chay rim nước tương thơm ngon và hấp dẫn</p><h3 style="box-sizing: border-box; color: rgb(10, 10, 10); width: 1050px; text-rendering: optimizespeed; font-size: 1.25em; font-family: Inter, sans-serif; letter-spacing: normal; text-align: justify;"><span class="ez-toc-section" id="Cach_lam_suon_chay_rim_me" ez-toc-data-id="#Cach_lam_suon_chay_rim_me" style="box-sizing: border-box; -webkit-box-decoration-break: clone;"></span>Cách \r\n  làm sườn chay rim me</h3><p style="box-sizing: border-box; margin-bottom: 1.3em; color: rgb(10, 10, 10); font-family: Inter, sans-serif; font-size: 15px; text-align: justify;">Để có món sườn chay rim me các nguyên liệu cần chuẩn bị như sau:</p><ul style="box-sizing: border-box; list-style-position: initial; list-style-image: initial; margin-bottom: 1.3em; color: rgb(10, 10, 10); font-family: Inter, sans-serif; font-size: 15px; text-align: justify;"><li aria-level="1" style="box-sizing: border-box; margin-bottom: 0.6em; margin-left: 1.3em;">500gr sườn chay</li><li aria-level="1" style="box-sizing: border-box; margin-bottom: 0.6em; margin-left: 1.3em;">Tỏi cắt nhỏ</li><li aria-level="1" style="box-si\r\n  zing: border-box; margin-bottom: 0.6em; margin-left: 1.3em;"><span style="box-sizing: border-box; vertical-align: inherit;">Tôi</span></li><li aria-level="1" style="box-sizing: border-box; margin-bottom: 0.6em; margin-left: 1.3em;">Gia vị: Gia vị chay, tương ớt, ớt bột, dầu ăn, hạt nêm, đường</li></ul><p style="box-sizing: border-box; margin-bottom: 1.3em; color: rgb(10, 10, 10); font-family: Inter, sans-serif; font-size: 15px; text-align: justify;">Cách làm món sườn chay rim me chua ngọt:</p><p style="box-sizing: border-box; margin-bottom: 1.3em; color: rgb(10, 10, 10); font-family: Inter, sans-serif; font-size: 15px; text-align: justify;">Sườn chay bạn cho vào nước để ngâm khoảng 30 phút sau đó r\r\n  ửa sạch và vắt ráo, cắt thành lát vừa phải.</p><p style="box-sizing: border-box; margin-bottom: 1.3em; color: rgb(10, 10, 10); font-family: Inter, sans-serif; font-size: 15px; text-align: justify;">Tiếp đến cho sườn vào chảo chiên cho đến khi sườn có màu vàng . Phần me cô đặc bạn cho vào nước sôi rồi chắt lấy nước cốt me.</p><p style="box-sizing: border-box; margin-bottom: 1.3em; color: rgb(10, 10, 10); font-family: Inter, sans-serif; font-size: 15px; text-align: justify;">Bắc chảo lên bếp cộng một chút dầu ăn, khi dầu nóng cho tỏi vào phi thơm và cho nước sốt me vào, cho thêm một ít hạt nêm, đường, tương ớt và bột ớt rồi khuấy đều.</p><p style="box-sizing: border-box; margin-bottom: 1.3em; color: \r\n  rgb(10, 10, 10); font-family: Inter, sans-serif; font-size: 15px; text-align: justify;">Khi hỗn hợp đã sánh và hòa quyện keo vào nhau thì cho sườn vào đảo đều để lửa nhỏ, đun chứng 3-5 phút thì tắt bếp.</p><p><span style="color: rgb(10, 10, 10); font-family: Inter, sans-serif; font-size: 15px; text-align: justify;">Thành phẩm thu được món sườn chay rim me vàng óng, nước sốt sánh quện. Miếng sườn thơm ngon, mềm, vị vừa ăn. Sườn chay rim me bạn có thể kết hợp ăn cùng cơm tấm đó là một sự kết hợp rất hoàn hảo.</span>TML Converter tool.</p>', NULL, '2023-10-22 21:11:05', '2023-12-06 14:19:36'),
	(5, 'Cơm tấm bao nhiêu calo? Ăn cơm tấm có béo lên không?', '5.jpg', 'Cơm tấm là một món ăn quen thuộc được rất nhiều người yêu thích bởi hương vị thơm ngon, đặc trưng. Tuy nhiên, đối với những người đang trong chế độ ăn kiêng, đang giảm cân thì luôn có những băn khoăn như "cơm tấm bao nhiêu calo?", "ăn cơm tấm có béo lên không?" Vậy thực hư câu trả lời là gì? Ăn cơm tấm có khiến cho bạn béo lên không? Có cách nào để ăn cơm tấm khi đang giảm cân mà vẫn đem lại hiệu quả không? Hãy cùng theo dõi bài viết sau đây để được giải đáp tất cả các thắc mắc nhé.', '<h2 style="box-sizing: border-box; color: rgb(10, 10, 10); width: 1050px; text-rendering: optimizespeed; font-size: 1.6em; line-height: 1.3; font-family: Inter, sans-serif; letter-spacing: normal; text-align: justify;">100g cơm tấm bao nhiêu calo?<span class="ez-toc-section-end" style="box-sizing: border-box; -webkit-box-decoration-break: clone;"></span></h2><h2 style="box-sizing: border-box; color: rgb(10, 10, 10); width: 1050px; text-rendering: optimizespeed; font-size: 1.6em; line-height: 1.3; font-family: Inter, sans-serif; letter-spacing: normal; text-align: justify;"><p style="box-sizing: border-box; margin-bottom: 1.3em; font-size: 15px; font-weight: 400;">Cơm tấm là một món ăn được rất nhiều người yêu thích, bao gồm cả du khách quốc tế. Để tạo nên một đĩa cơm tấm thơm ngon, tròn vị phải có đầy đủ các loại nguyên liệu sau: sườn heo, chả trứng, chả thịt, bì heo, đồ chua và nước mắm chua ngọt.</p><p style="box-sizing: border-box; margin-bottom: 1.3em; font-size: 15px; font-weight: 400;">Vậy cơm tấm bao nhiêu calo ? Tùy thuộc vào từng vùng miền mà cách chế biến món cơm tấm sẽ có sự khác nhau. Khối lượng thức ăn trong một đĩa cơm tấm cũng có sự khác nhau. Chính vì vậy, lượng calo có trong cơm tấm sẽ không thể tính chính xác mà chỉ có thể tính được tương đối. Tuy nhiên, chúng ta có thể dựa vào các thành phần tiêu chuẩn của một đĩa cơm tấm để tính toán được lượng calo trong món ăn này.</p><p style="box-sizing: border-box; margin-bottom: 1.3em; font-size: 15px; font-weight: 400;">Thông thường, 1 dĩa cơm tấm bao nhiêu calo nếu có đúng và đủ các thành phần tiêu chuẩn như sau:</p><ul style="box-sizing: border-box; list-style-position: initial; list-style-image: initial; margin-bottom: 1.3em; font-size: 15px; font-weight: 400;"><li aria-level="1" style="box-sizing: border-box; margin-bottom: 0.6em; margin-left: 1.3em;">Cơm tấm: 1 chén rưỡi</li><li aria-level="1" style="box-sizing: border-box; margin-bottom: 0.6em; margin-left: 1.3em;">Thịt sườn: 70 gram</li><li aria-level="1" style="box-sizing: border-box; margin-bottom: 0.6em; margin-left: 1.3em;">Trứng: 1 quả</li><li aria-level="1" style="box-sizing: border-box; margin-bottom: 0.6em; margin-left: 1.3em;">Bì: 10 gram</li><li aria-level="1" style="box-sizing: border-box; margin-bottom: 0.6em; margin-left: 1.3em;">Chả trứng: 20 gram</li><li aria-level="1" style="box-sizing: border-box; margin-bottom: 0.6em; margin-left: 1.3em;">Dưa chuột: 20 gram</li><li aria-level="1" style="box-sizing: border-box; margin-bottom: 0.6em; margin-left: 1.3em;">Cà chua: 30 gram</li><li aria-level="1" style="box-sizing: border-box; margin-bottom: 0.6em; margin-left: 1.3em;">Mỡ hành: 10 gram</li></ul><p style="box-sizing: border-box; margin-bottom: 1.3em; font-size: 15px; font-weight: 400;">Với các loại nguyên liệu kể trên, trung bình 1 đĩa cơm tấm sẽ có khoảng 761 calo cho thấy calo cơm tấm cao. Lượng calo có trong món ăn này tương đối cao. Nên nếu có ăn thì bạn cần phải có chế độ tập luyện hợp lý để cân bằng lại lượng calo dung nạp vào cơ thể. Ngoài ra, nhiều người còn có cách chế biến cơm tấm chay. Một đĩa cơm như này thì sẽ có lượng calo trung bình là 627 calo. Tương đương với 1 hộp cơm tấm bao nhiêu calo đấy</p></h2><h2 style="box-sizing: border-box; color: rgb(10, 10, 10); width: 1050px; text-rendering: optimizespeed; font-size: 1.6em; line-height: 1.3; font-family: Inter, sans-serif; letter-spacing: normal; text-align: justify;"><span class="ez-toc-section" id="Thanh_phan_dinh_duong_trong_com_tam" ez-toc-data-id="#Thanh_phan_dinh_duong_trong_com_tam" style="box-sizing: border-box; -webkit-box-decoration-break: clone;"></span>Thành phần dinh dưỡng trong cơm tấm<span class="ez-toc-section-end" style="box-sizing: border-box; -webkit-box-decoration-break: clone;"></span></h2><h2 style="box-sizing: border-box; color: rgb(10, 10, 10); width: 1050px; text-rendering: optimizespeed; font-size: 1.6em; line-height: 1.3; font-family: Inter, sans-serif; letter-spacing: normal; text-align: justify;"><p style="box-sizing: border-box; margin-bottom: 1.3em; font-size: 15px; font-weight: 400;">Cơm tấm là món ăn được tạo nên từ rất nhiều loại nguyên liệu khác nhau như: thịt, trứng, cơm, đồ chua, chả bì,… Một đĩa cơm tấm sẽ cung cấp cho người ăn đầy đủ 4 nhóm chất: chất đường bột, chất đạm, chất béo và chất xơ.</p><p style="box-sizing: border-box; margin-bottom: 1.3em; font-size: 15px; font-weight: 400;">Trung bình 1 đĩa cơm tấm đúng đủ tiêu chuẩn sẽ có chứa 761 calo, đây là một con số khá cao so với các món ăn khác. Ngoài ra, trong cơm tấm còn có chứa khoảng 13,3 gram chất béo. Trung bình mỗi người cần nạp vào cơ thể chỉ khoảng 2000 calo. Vì vậy đây là con số khá lớn cho một bữa ăn chính của một người. Vậy “ăn cơm tấm có béo không?” thì câu trả lời là có.</p><p style="box-sizing: border-box; margin-bottom: 1.3em; font-size: 15px; font-weight: 400;">Lượng calo có trong cơm tấm khá cao, ngoài ra còn có chứa chất béo. Nếu ăn cơm tấm thường xuyên sẽ khiến cân nặng của bạn bị tăng. Ngoài ra, nếu ăn với tần suất quá nhiều sẽ khiến cho cơ thể bị mất cân bằng dinh dưỡng. Có thể để lại nhiều hậu quả nghiêm trọng cho sức khỏe, mắc các bệnh tiểu đường, tim mạch,…</p></h2><h2 style="box-sizing: border-box; color: rgb(10, 10, 10); width: 1050px; text-rendering: optimizespeed; font-size: 1.6em; line-height: 1.3; font-family: Inter, sans-serif; letter-spacing: normal; text-align: justify;"><span class="ez-toc-section" id="Cach_an_com_tam_khi_dang_giam_can_hieu_qua" ez-toc-data-id="#Cach_an_com_tam_khi_dang_giam_can_hieu_qua" style="box-sizing: border-box; -webkit-box-decoration-break: clone;"></span>Cách ăn cơm tấm khi đang giảm cân hiệu quả<span class="ez-toc-section-end" style="box-sizing: border-box; -webkit-box-decoration-break: clone;"></span></h2><h2 style="box-sizing: border-box; color: rgb(10, 10, 10); width: 1050px; text-rendering: optimizespeed; font-size: 1.6em; line-height: 1.3; font-family: Inter, sans-serif; letter-spacing: normal; text-align: justify;"><p style="box-sizing: border-box; margin-bottom: 1.3em; font-size: 15px; font-weight: 400;">Cơm tấm là một món ăn ngon được nhiều người yêu thích. Tuy nhiên, món ăn này lại có chứa nhiều calo và chất béo nên rất dễ tăng cân. Nếu bạn đang giảm cân nhưng vẫn rất yêu thích món ăn này. Thì bạn có thể áp dụng phương pháp sau đây để vừa được ăn cơm tấm vừa không ảnh hưởng đến hiệu quả của việc giảm cân. Đó là bạn hãy điều chỉnh khẩu ăn của mình, giảm bớt lượng chất béo, lượng thịt trong món ăn. Thay vì ăn trứng ốp la, hãy sử dụng trứng luộc, không dùng mỡ hành, giảm bớt lượng cơm, tăng cường bổ sung thêm các loại rau xanh, đồ chua ăn kèm,…</p><p style="box-sizing: border-box; margin-bottom: 1.3em; font-size: 15px; font-weight: 400;">Ngoài ra, bạn cần phải xây dựng cho mình một chế độ ăn uống thật khoa học. Tăng cường bổ sung chất xơ, giảm tối đa lượng tinh bột và chất béo xấu. Bên cạnh đó, hãy vận động thường xuyên để có thể đốt cháy được lượng mỡ thừa có trong cơ thể, tăng hiệu quả của việc giảm cân.</p></h2><h2 style="box-sizing: border-box; color: rgb(10, 10, 10); width: 1050px; text-rendering: optimizespeed; font-size: 1.6em; line-height: 1.3; font-family: Inter, sans-serif; letter-spacing: normal; text-align: justify;"><span class="ez-toc-section" id="Nen_an_com_tam_vao_thoi_diem_nao_trong_ngay" ez-toc-data-id="#Nen_an_com_tam_vao_thoi_diem_nao_trong_ngay" style="box-sizing: border-box; -webkit-box-decoration-break: clone;"></span>Nên ăn cơm tấm vào thời điểm nào trong ngày?</h2><h2 style="box-sizing: border-box; color: rgb(10, 10, 10); width: 1050px; text-rendering: optimizespeed; font-size: 1.6em; line-height: 1.3; font-family: Inter, sans-serif; letter-spacing: normal; text-align: justify;"><p style="box-sizing: border-box; margin-bottom: 1.3em; font-size: 15px; font-weight: 400;">Đây cũng là một trong những thắc mắc của rất nhiều người. Đặc biệt là những người đang trong chế độ giảm cân. Buổi sáng hoặc buổi trưa là thời điểm hợp lý nhất để bạn có thể thưởng thức món ăn này. Cơm tấm có chứa nhiều chất dinh dưỡng, sẽ cung cấp cho bạn năng lượng để có một ngày làm việc thật hiệu quả. Ngoài ra, ăn vào thời gian này còn giúp bạn có thể tiêu hao bớt lượng calo đã nạp vào cơ thể trong ngày.</p><p style="box-sizing: border-box; margin-bottom: 1.3em; font-size: 15px; font-weight: 400;">Không nên ăn cơm tấm vào ban đêm. Đây là thời điểm mà hệ tiêu hóa đang nghỉ ngơi, khi ăn vào sẽ tạo một gánh nặng vô hình cho dạ dày. Việc này sẽ khiến cơ thể tích tụ mỡ thừa và khiến bạn tăng cân một cách nhanh chóng.</p></h2>', NULL, '2023-10-22 21:25:33', '2023-12-06 14:19:36'),
	(6, 'Hướng dẫn cách làm chả trứng chay cơm tấm thơm ngon bùng vị', '6.jpg', 'Chả trứng là một loại topping không thể thiếu khi ăn cơm thấm giúp bữa ăn thêm tròn vị. Hiện nay, ngoài cách chế biến quen thuộc ra, món ăn này còn được biến tấu thành chả trứng chay, được rất nhiều người yêu thích. Cách chế biến chả trứng chay cũng rất đơn giản, không quá cầu kỳ cũng không cần chuẩn bị quá nhiều nguyên liệu. Dưới đây là hướng dẫn cách làm chả trứng chay cơm tấm bạn có thể tham khảo nhé!', '<p>This is online&nbsp;</p><h2 style="box-sizing: border-box; color: rgb(10, 10, 10); width: 1050px; text-rendering: optimizespeed; font-size: 1.6em; line-height: 1.3; font-family: Inter, sans-serif; letter-spacing: normal; text-align: justify;">Nguyên liệu làm chả trứng chay cơm tấm<span class="ez-toc-section-end" style="box-sizing: border-box; -webkit-box-decoration-break: clone;"></span></h2><p style="box-sizing: border-box; margin-bottom: 1.3em; color: rgb(10, 10, 10); font-family: Inter, sans-serif; font-size: 15px; text-align: justify;">Nếu muốn làm món chả trứng truyền thống bạn cần phải chuẩn bị những nguyên liệu như thịt nạc xay, trứng gà, trứng vịt… Còn với món chả trứng chay, bạn chỉ cần chuẩn bị các loại nguyên liệu đơn giản dưới đây. Bạn có thể chế biến được một món ăn ngon chẳng thua kém gì so với phiên bản gốc.</p><p style="box-sizing: border-box; margin-bottom: 1.3em; color: rgb(10, 10, 10); font-family: Inter, sans-serif; font-size: 15px; text-align: justify;">Các loại nguyên liệu bạn cần chuẩn bị như sau:</p><ul style="box-sizing: border-box; list-style-position: initial; list-style-image: initial; margin-bottom: 1.3em; color: rgb(10, 10, 10); font-family: Inter, sans-serif; font-size: 15px; text-align: justify;"><li aria-level="1" style="box-sizing: border-box; margin-bottom: 0.6em; margin-left: 1.3em;">2 miếng đậu hũ trắng</li><li aria-level="1" style="box-sizing: border-box; margin-bottom: 0.6em; margin-left: 1.3em;">350 gram tàu hũ ky</li><li aria-level="1" style="box-sizing: border-box; margin-bottom: 0.6em; margin-left: 1.3em;">50 gram nấm mộc nhĩ</li><li aria-level="1" style="box-sizing: border-box; margin-bottom: 0.6em; margin-left: 1.3em;">50 gram bún tàu</li><li aria-level="1" style="box-sizing: border-box; margin-bottom: 0.6em; margin-left: 1.3em;">5 thìa cà phê hạt nêm (lưu ý nên lựa chọn hạt nêm làm từ nấm hương, không chọn hạt nêm làm từ xương ống).</li><li aria-level="1" style="box-sizing: border-box; margin-bottom: 0.6em; margin-left: 1.3em;">40 gram bột gạo tẻ</li><li aria-level="1" style="box-sizing: border-box; margin-bottom: 0.6em; margin-left: 1.3em;">100 ml nước</li><li aria-level="1" style="box-sizing: border-box; margin-bottom: 0.6em; margin-left: 1.3em;">30 gram bột năng</li><li aria-level="1" style="box-sizing: border-box; margin-bottom: 0.6em; margin-left: 1.3em;">20 gram hành boa rô cắt nhỏ</li><li aria-level="1" style="box-sizing: border-box; margin-bottom: 0.6em; margin-left: 1.3em;">70 ml màu dầu điều</li><li aria-level="1" style="box-sizing: border-box; margin-bottom: 0.6em; margin-left: 1.3em;">Các dụng cụ hỗ trợ chế biến khác cần chuẩn bị như: túi lọc, nồi, máy xay, khuôn</li></ul><p style="box-sizing: border-box; margin-bottom: 1.3em; color: rgb(10, 10, 10); font-family: Inter, sans-serif; font-size: 15px; text-align: justify;">Đây đều là những nguyên liệu quen thuộc, đơn giản, có thể dễ dàng tìm mua trong các siêu thị hay những chợ cóc gần nhà.</p><h2 style="box-sizing: border-box; color: rgb(10, 10, 10); width: 1050px; text-rendering: optimizespeed; font-size: 1.6em; line-height: 1.3; font-family: Inter, sans-serif; letter-spacing: normal; text-align: justify;"><span class="ez-toc-section" id="Cach_lam_cha_trung_chay_com_tam_thom_ngon" ez-toc-data-id="#Cach_lam_cha_trung_chay_com_tam_thom_ngon" style="box-sizing: border-box; -webkit-box-decoration-break: clone;"></span>Cách làm chả trứng chay cơm tấm thơm ngon</h2><p style="box-sizing: border-box; margin-bottom: 1.3em; color: rgb(10, 10, 10); font-family: Inter, sans-serif; font-size: 15px; text-align: justify;">Bước 1: Sơ chế nguyên liệu</p><p style="box-sizing: border-box; margin-bottom: 1.3em; color: rgb(10, 10, 10); font-family: Inter, sans-serif; font-size: 15px; text-align: justify;">Các nguyên liệu để làm món chả trứng chay cơm tấm sau khi mua về đem đi sơ chế theo các bước sau đây:</p><ul style="box-sizing: border-box; list-style-position: initial; list-style-image: initial; margin-bottom: 1.3em; color: rgb(10, 10, 10); font-family: Inter, sans-serif; font-size: 15px; text-align: justify;"><li aria-level="1" style="box-sizing: border-box; margin-bottom: 0.6em; margin-left: 1.3em;">Nấm mộc nhĩ và bún tàu đem ngâm với nước ấm, sau đó vớt ra, rửa sạch lại với nước. Phần bún khi rửa sạch đem cắt thành những khúc nhỏ khoảng 2-3cm. Nấm mộc nhĩ đem đi băm nhuyễn.</li><li aria-level="1" style="box-sizing: border-box; margin-bottom: 0.6em; margin-left: 1.3em;">Đậu hũ trắng và tàu hũ ky đem đi luộc với nước sôi, thời gian luộc sẽ dao động từ khoảng 7-10 phút.</li><li aria-level="1" style="box-sizing: border-box; margin-bottom: 0.6em; margin-left: 1.3em;">Cho tàu hũ ky vào túi lọc, đặt tàu hũ trắng vào bên trong. Sau đó túm chặt lấy phần đầu túi lọc và vắt kiệt đi phần nước.</li><li aria-level="1" style="box-sizing: border-box; margin-bottom: 0.6em; margin-left: 1.3em;">Sau khi lọc, bạn sẽ có được thành phẩm là bã đậu, cho bã vào máy xay. Để xay cùng với 30g bột gạo và 30g bột năng. Xay liên tục cho đến khi cảm thấy hỗn hợp bã đậu và bột hòa quyện đều vào với nhau, nhuyễn mịn thì tắt máy. Phần bột này sẽ giúp kết dính các nguyên liệu vào với nhau. Giúp món chả trứng chay cơm tấm được mềm mịn.</li><li aria-level="1" style="box-sizing: border-box; margin-bottom: 0.6em; margin-left: 1.3em;">Dùng muỗng múc một nửa hỗn hợp bột vừa xay mịn ra một chiếc tô. Phần này sẽ được sử dụng để tạo màu cho phần mặt của chả trứng chay cơm tấm.</li><li aria-level="1" style="box-sizing: border-box; margin-bottom: 0.6em; margin-left: 1.3em;">Phần bột còn lại, nêm nếm thêm 4 thìa cà phê hạt nêm làm từ nấm. Thêm vào đó 45ml màu dầu điều rồi đem xay thêm một lần nữa. Việc xay lại sẽ giúp các gia vị được tan đều và không bị vón cục.</li><li aria-level="1" style="box-sizing: border-box; margin-bottom: 0.6em; margin-left: 1.3em;">Sau khi xay xong, cho phần nấm mèo và bún tàu cắt nhỏ vào trộn thật đều.</li></ul><h3 style="box-sizing: border-box; color: rgb(10, 10, 10); width: 1050px; text-rendering: optimizespeed; font-size: 1.25em; font-family: Inter, sans-serif; letter-spacing: normal; text-align: justify;"><span class="ez-toc-section" id="Buoc_2_Hap_cha_trung_chay" ez-toc-data-id="#Buoc_2_Hap_cha_trung_chay" style="box-sizing: border-box; -webkit-box-decoration-break: clone;"></span>Bước 2: Hấp chả trứng chay<span class="ez-toc-section-end" style="box-sizing: border-box; -webkit-box-decoration-break: clone;"></span></h3><p style="box-sizing: border-box; margin-bottom: 1.3em; color: rgb(10, 10, 10); font-family: Inter, sans-serif; font-size: 15px; text-align: justify;">Các nguyên liệu sau khi sơ chế xong sẽ được đem hấp. Cách thực hiện như sau:</p><ul style="box-sizing: border-box; list-style-position: initial; list-style-image: initial; margin-bottom: 1.3em; color: rgb(10, 10, 10); font-family: Inter, sans-serif; font-size: 15px; text-align: justify;"><li aria-level="1" style="box-sizing: border-box; margin-bottom: 0.6em; margin-left: 1.3em;">Chiếc tô đã chuẩn bị đem phết một lớp dầu ăn mỏng xuống đáy để khi đổ chả vào không bị dính.</li><li aria-level="1" style="box-sizing: border-box; margin-bottom: 0.6em; margin-left: 1.3em;">Dùng muỗng dàn đều chả trứng sao cho bằng phẳng, sau đó đem đi hấp cách thủy trong vòng 20 phút.</li><li aria-level="1" style="box-sizing: border-box; margin-bottom: 0.6em; margin-left: 1.3em;">Trong khi chờ chả trứng chay cơm tấm chín, đem phần hỗn hợp bột gạo xay cùng đậu hũ.. Ban đầu đi trộn đều với 10g bột gạo và 30ml màu dầu điều còn lại với 100ml nước sôi để nguội.</li><li aria-level="1" style="box-sizing: border-box; margin-bottom: 0.6em; margin-left: 1.3em;">Sau 20 phút hấp chả trứng trên bếp, lúc này bạn mở vung và đổ hỗn hợp vừa trộn lên bề mặt, sau đó dàn đều. Tiếp tục hấp chả trứng thêm khoảng 15 phút nữa. Để kiểm tra xem chả trứng đã chín chưa, bạn có thể dùng tăm đâm những lỗ nhỏ vào chả trứng. Nếu tăm không bị dính bất cứ một nguyên liệu gì tức là chả trứng chay cơm tấm đã chín. Bạn chỉ cần tắt bếp, chờ chả trứng nguội, lấy chả ra khỏi khuôn. Sau đó cắt thành những miếng nhỏ vừa ăn là có thể thưởng thức rồi</li></ul><p style="box-sizing: border-box; margin-bottom: 1.3em; color: rgb(10, 10, 10); font-family: Inter, sans-serif; font-size: 15px; text-align: justify;">Món chả trứng chay cơm tấm nếu được thực hiện theo đúng công thức trên sau khi hoàn thành sẽ có màu vàng vô cùng bắt mắt. Khi ăn bạn sẽ cảm nhận được mùi thơm của nấm, độ dai giòn của bún tàu và mềm mềm, thơm thơm của đậu hũ vô cùng cuốn miệng.</p><p style="box-sizing: border-box; margin-bottom: 1.3em; color: rgb(10, 10, 10); font-family: Inter, sans-serif; font-size: 15px; text-align: justify;">&gt;&gt;&gt;&gt;Xem thêm:&nbsp;<a href="https://comtamhuongduong.com/tiem-com-tam-gan-day/" target="_blank" rel="noopener" style="box-sizing: border-box; background-color: transparent; touch-action: manipulation; color: rgb(51, 72, 98);">tiệm cơm tấm gần đây</a></p><h2 style="box-sizing: border-box; color: rgb(10, 10, 10); width: 1050px; text-rendering: optimizespeed; font-size: 1.6em; line-height: 1.3; font-family: Inter, sans-serif; letter-spacing: normal; text-align: justify;"><span class="ez-toc-section" id="Luu_y_khi_lam_cha_trung_chay_com_tam" ez-toc-data-id="#Luu_y_khi_lam_cha_trung_chay_com_tam" style="box-sizing: border-box; -webkit-box-decoration-break: clone;"></span>Lưu ý khi làm chả trứng chay cơm tấm</h2><p style="box-sizing: border-box; margin-bottom: 1.3em; color: rgb(10, 10, 10); font-family: Inter, sans-serif; font-size: 15px; text-align: justify;">Để món chả trứng chay cơm tấm khi hoàn thành được thơm ngon, bùng nổ vị giác thì bạn cần lưu ý một số vấn đề sau đây:</p><ul style="box-sizing: border-box; list-style-position: initial; list-style-image: initial; margin-bottom: 1.3em; color: rgb(10, 10, 10); font-family: Inter, sans-serif; font-size: 15px; text-align: justify;"><li aria-level="1" style="box-sizing: border-box; margin-bottom: 0.6em; margin-left: 1.3em;">Khi hấp chả, không nên mở vung nồi thường xuyên. Việc này sẽ khiến hơi thoát ra, chả trứng chín không đều. Nếu lo lắng chả trứng bị đọng nước thì cứ 10 phút, bạn có thể mở vung 1 lần sau đó lại đậy ngay lại.</li><li aria-level="1" style="box-sizing: border-box; margin-bottom: 0.6em; margin-left: 1.3em;">Chả trứng khi còn nóng rất dễ bị vỡ. Chính vì vậy, khi hấp xong bạn nên chờ cho chả nguội hẳn rồi mới lấy ra khỏi luôn.</li><li aria-level="1" style="box-sizing: border-box; margin-bottom: 0.6em; margin-left: 1.3em;">Để chả ngon hơn, sau khi hấp xong bạn nên để chả trong ngăn mát tủ lạnh từ 2-3 tiếng.</li><li aria-level="1" style="box-sizing: border-box; margin-bottom: 0.6em; margin-left: 1.3em;">Chả trứng chay khi ăn cùng với cơm tấm, kết hợp với các loại topping khác. Như: đồ chua, rau sống, nước mắm chua ngọt thì đúng là bùng nổ vị giác.</li></ul>', NULL, '2023-10-22 21:27:04', '2023-12-06 14:19:36'),
	(7, 'Hướng dẫn cách nấu canh khổ qua nhồi thịt không bị đắng gắt', '7.jpg', 'Canh khổ qua nhồi thịt là một trong những món ăn thanh mát được rất nhiều người yêu thích. Đặc biệt là canh khổ qua nhồi thịt ngày tết mọi gia đình Việt Nam đều sẽ ăn món này. Tuy nhiên, do loại quả này có vị đắng nên dù có thơm ngon đến đâu cũng sẽ khiến nhiều người không thể ăn được. Khi chế biến, nếu khử đắng sai cách sẽ khiến cho món canh khổ qua mất đi hương vị, không giữ được các dưỡng chất tốt. Vậy cách nấu món canh này như thế nào? Trong bài viết này, chúng tôi sẽ hướng dẫn cách nấu canh', '<h2 style="box-sizing: border-box; color: rgb(10, 10, 10); width: 1050px; text-rendering: optimizespeed; font-size: 1.6em; line-height: 1.3; font-family: Inter, sans-serif; letter-spacing: normal; text-align: justify;">Nguyên liệu làm canh khổ qua nhồi thịt</h2><p style="box-sizing: border-box; margin-bottom: 1.3em; color: rgb(10, 10, 10); font-family: Inter, sans-serif; font-size: 15px; text-align: justify;">Nguyên liệu để làm món canh khổ qua nhồi thịt ngon vô cùng đơn giản, dễ tìm. Bạn có thể dễ dàng tìm mua ở các siêu thị, cửa hàng tiện lợi, chợ cóc,… Cụ thể, khi nấu món canh này, bạn cần chuẩn bị đầy đủ các nguyên liệu sau đây:</p><ul style="box-sizing: border-box; list-style-position: initial; list-style-image: initial; margin-bottom: 1.3em; color: rgb(10, 10, 10); font-family: Inter, sans-serif; font-size: 15px; text-align: justify;"><li aria-level="1" style="box-sizing: border-box; margin-bottom: 0.6em; margin-left: 1.3em;">200gram thịt lợn quay (để món canh được ngọt và mềm, nên lựa chọn phần thịt có cả mỡ)</li><li aria-level="1" style="box-sizing: border-box; margin-bottom: 0.6em; margin-left: 1.3em;">4 trái khổ qua</li><li aria-level="1" style="box-sizing: border-box; margin-bottom: 0.6em; margin-left: 1.3em;">Hành lá, ngò rí</li><li aria-level="1" style="box-sizing: border-box; margin-bottom: 0.6em; margin-left: 1.3em;">Các loại gia vị như: hạt nêm, muối và bột ngọt</li></ul><h2 style="box-sizing: border-box; color: rgb(10, 10, 10); width: 1050px; text-rendering: optimizespeed; font-size: 1.6em; line-height: 1.3; font-family: Inter, sans-serif; letter-spacing: normal; text-align: justify;"><span class="ez-toc-section" id="Cach_lam_canh_kho_qua_nhoi_thit_thom_ngon_khong_bi_dang" ez-toc-data-id="#Cach_lam_canh_kho_qua_nhoi_thit_thom_ngon_khong_bi_dang" style="box-sizing: border-box; -webkit-box-decoration-break: clone;"></span>Cách làm canh khổ qua nhồi thịt thơm ngon không bị đắng</h2><h3 style="box-sizing: border-box; color: rgb(10, 10, 10); width: 1050px; text-rendering: optimizespeed; font-size: 1.25em; font-family: Inter, sans-serif; letter-spacing: normal; text-align: justify;"><span class="ez-toc-section" id="Buoc_1_So_che_nguyen_lieu" ez-toc-data-id="#Buoc_1_So_che_nguyen_lieu" style="box-sizing: border-box; -webkit-box-decoration-break: clone;"></span>Bước 1: Sơ chế nguyên liệu<span class="ez-toc-section-end" style="box-sizing: border-box; -webkit-box-decoration-break: clone;"></span></h3><p style="box-sizing: border-box; margin-bottom: 1.3em; color: rgb(10, 10, 10); font-family: Inter, sans-serif; font-size: 15px; text-align: justify;">Khổ qua khi mua về, đem cắt bỏ 2 đầu. Sau đó, dùng một con dao lưỡi nhỏ, rạch một đường dọc trên thân khổ qua. Sau đó dùng thìa để cạo sạch phần hột. Khi đã lấy được hết phần hột khổ qua, đem đi rửa sạch lại với nước rồi để ráo.</p><p style="box-sizing: border-box; margin-bottom: 1.3em; color: rgb(10, 10, 10); font-family: Inter, sans-serif; font-size: 15px; text-align: justify;">Đun sôi một nồi nước, khi nước sôi, cho khổ qua vào chần sơ khoảng 30 giây. Bạn hãy chuẩn bị sẵn một thau nước đá lạnh. Sau khi chần xong, vớt khổ qua ra và cho ngay vào thau nước đá. Đây là cách nấu canh khổ qua nhồi thịt không đắng được nhiều người áp dụng.</p><p style="box-sizing: border-box; margin-bottom: 1.3em; color: rgb(10, 10, 10); font-family: Inter, sans-serif; font-size: 15px; text-align: justify;">Một mẹo cho bạn, nếu bạn không muốn chần qua nước sôi thì có thể rửa khổ qua với nước muối ngâm loãng. Rửa thật kỹ cả bên trong lẫn bên ngoài. Ngoài ra, bạn có thể lấy một chút đường, xát vào bên trong ruột của khổ qua sẽ loại bỏ được vị đắng. Nếu sử dụng phương pháp chần, chỉ nên chần sơ khoảng 30 phút. Lưu ý hông nên chần quá lâu để giữ lại các dưỡng chất có trong khổ qua.</p><h3 style="box-sizing: border-box; color: rgb(10, 10, 10); width: 1050px; text-rendering: optimizespeed; font-size: 1.25em; font-family: Inter, sans-serif; letter-spacing: normal; text-align: justify;"><span class="ez-toc-section" id="Buoc_2_Uop_thit_va_nhoi_thit" ez-toc-data-id="#Buoc_2_Uop_thit_va_nhoi_thit" style="box-sizing: border-box; -webkit-box-decoration-break: clone;"></span>Bước 2: Ướp thịt và nhồi thịt</h3><p style="box-sizing: border-box; margin-bottom: 1.3em; color: rgb(10, 10, 10); font-family: Inter, sans-serif; font-size: 15px; text-align: justify;">Phần thịt sau khi mua về, đem ướp với 1 thìa cà phê hạt nêm, 1 thìa cà phê tiêu, 1 thìa cà phê dầu hào. Trộn đều thịt với các loại gia vị trên, để thịt nghỉ trong khoảng 10 phút để được ngấm gia vụ hơn. Trong trường hợp bạn chưa chế biến ngay, có thể bảo quản thịt trong tủ lạnh.</p><p style="box-sizing: border-box; margin-bottom: 1.3em; color: rgb(10, 10, 10); font-family: Inter, sans-serif; font-size: 15px; text-align: justify;">Sau 10 phút, đem thịt nhồi vào phần ruột của khổ qua. Khi nhồi cần nén chặt để khi nấu canh phần thịt không bị rớt ra ngoài. Phần hành lá cũng đem chần sơ để hành được dai hơn. Dùng hành lá để buộc chặt vào thân khổ qua giúp cố định phần thân bị rạch.</p><h3 style="box-sizing: border-box; color: rgb(10, 10, 10); width: 1050px; text-rendering: optimizespeed; font-size: 1.25em; font-family: Inter, sans-serif; letter-spacing: normal; text-align: justify;"><span class="ez-toc-section" id="Buoc_3_Nau_canh_kho_qua_nhoi_thit" ez-toc-data-id="#Buoc_3_Nau_canh_kho_qua_nhoi_thit" style="box-sizing: border-box; -webkit-box-decoration-break: clone;"></span>Bước 3: Nấu canh khổ qua nhồi thịt<span class="ez-toc-section-end" style="box-sizing: border-box; -webkit-box-decoration-break: clone;"></span></h3><p style="box-sizing: border-box; margin-bottom: 1.3em; color: rgb(10, 10, 10); font-family: Inter, sans-serif; font-size: 15px; text-align: justify;">Đun sôi khoảng 1 lít rưỡi nước, khi nước sôi thì bạn tiến hành cho phần khổ qua vừa nhồi vào để nấu. Thời gian lý tưởng để món canh khổ qua được giòn ngọt nhưng vẫn chín đều là 10 phút. Khi nấu bạn không nên đậy vung để khổ qua được xanh, bắt mắt hơn. Khi canh sôi thì nêm nếm thêm các loại gia vị sau: 1 thìa cà phê bột ngọt, 1 thìa cà phê muối, 2 thìa cà phê hạt nêm.</p><p style="box-sizing: border-box; margin-bottom: 1.3em; color: rgb(10, 10, 10); font-family: Inter, sans-serif; font-size: 15px; text-align: justify;">Sau khi nêm nếm xong gia vị, múc khổ qua ra bát. Lấy hành lá, ngò rí cắt nhỏ sau đó cho lên bát canh, rắc lên trên thêm một chút tiêu. Vậy là bạn đã có ngay một bát canh khổ qua thơm ngon, thanh mát để có thể thưởng thức rồi. Với cách chế biến trên, chắc chắn khổ qua sẽ không bị đắng mà vẫn giữ được trọn vẹn những dưỡng chất, ai cũng có thể ăn được. Canh khổ qua ăn kèm với nước mắm ớt là chuẩn bài, đảm bảo bay veo hết cả nồi cơm.<br></p><h2 style="box-sizing: border-box; color: rgb(10, 10, 10); width: 1050px; text-rendering: optimizespeed; font-size: 1.6em; line-height: 1.3; font-family: Inter, sans-serif; letter-spacing: normal; text-align: justify;"><span class="ez-toc-section" id="Luu_y_khi_nau_canh_kho_qua_nhoi_thit" ez-toc-data-id="#Luu_y_khi_nau_canh_kho_qua_nhoi_thit" style="box-sizing: border-box; -webkit-box-decoration-break: clone;"></span>Lưu ý khi nấu canh khổ qua nhồi thịt<span class="ez-toc-section-end" style="box-sizing: border-box; -webkit-box-decoration-break: clone;"></span></h2><p style="box-sizing: border-box; margin-bottom: 1.3em; color: rgb(10, 10, 10); font-family: Inter, sans-serif; font-size: 15px; text-align: justify;">Cách nấu canh khổ qua nhồi thịt đơn giản nhưng bạn nên lựa chọn những trái khổ qua tới tầm, không quá non cũng không quá già. Theo kinh nghiệm, nên chọn những trái có gai nở, dáng ngắn bầu tròn thì khi nấu sẽ ngon nhất. Những trái khổ qua có màu xanh nhạt hơn sẽ ít bị đắng hơn. Ngoài ra cũng không nên lựa chọn những trái khổ qua mềm, đã chuyển màu ngả vàng, đây là những trái đã bị chín. Khi nấu lên sẽ không có độ giòn, mất đi vị ngon của món ăn.</p><p style="box-sizing: border-box; margin-bottom: 1.3em; color: rgb(10, 10, 10); font-family: Inter, sans-serif; font-size: 15px; text-align: justify;">Một số người còn có sở thích ăn canh khổ qua rừng nhồi thịt. Loại khổ qua này thì có hình dáng nhỏ, có màu xanh đậm, gai nhỏ và có vị đắng nhiều hơn.</p><p style="box-sizing: border-box; margin-bottom: 1.3em; color: rgb(10, 10, 10); font-family: Inter, sans-serif; font-size: 15px; text-align: justify;">Đặc tính của khổ qua là đắng. Chính vì vậy, nếu loại bỏ hết vị đắng thì sẽ không giữ được hương vị đặc trưng thơm ngon của món ăn. Dù dùng cách nào thì khổ qua cũng chỉ loại bỏ được một phần của vị đắng chứ không thể loại bỏ hoàn toàn được. Tuy nhiên, vị đắng này không quá gắt, chỉ hơi đắng nhẹ nên ai cũng có thể thưởng thức.</p><p style="box-sizing: border-box; margin-bottom: 1.3em; color: rgb(10, 10, 10); font-family: Inter, sans-serif; font-size: 15px; text-align: justify;">Có rất nhiều cách để làm giảm đi vị đắng của khổ qua mà bạn có thể áp dụng như:</p><ul style="box-sizing: border-box; list-style-position: initial; list-style-image: initial; margin-bottom: 1.3em; color: rgb(10, 10, 10); font-family: Inter, sans-serif; font-size: 15px; text-align: justify;"><li aria-level="1" style="box-sizing: border-box; margin-bottom: 0.6em; margin-left: 1.3em;">Ngâm với nước muối loãng</li><li aria-level="1" style="box-sizing: border-box; margin-bottom: 0.6em; margin-left: 1.3em;">Dùng đường chà xát vào bên trong phần ruột của khổ qua</li><li aria-level="1" style="box-sizing: border-box; margin-bottom: 0.6em; margin-left: 1.3em;">Rửa sạch khổ qua, chần sơ với nước sôi sau đó vớt ra ngâm cùng một tô đá lạnh khoảng 15 phút.</li></ul>', NULL, '2023-10-22 21:27:07', '2023-12-06 14:19:36'),
	(8, 'Cách làm chả trứng cơm tấm ngon thơm, mềm tơi chuẩn hàng cơm tấm', '8.jpg', 'Chả trứng là một món ăn hết sức đơn giản và rất dễ chế biến chỉ với những nguyên liệu sẵn có ở nhà. Không chỉ người lớn, trẻ nhỏ cũng rất ưa thích hương vị thơm ngon, dễ ăn của món ăn này. Còn chần chờ gì nữa mà không cùng với chúng tôi học cách làm chả trứng cơm tấm với chúng tôi.', '<h2 style="box-sizing: border-box; color: rgb(10, 10, 10); width: 1050px; text-rendering: optimizespeed; font-size: 1.6em; line-height: 1.3; font-family: Inter, sans-serif; letter-spacing: normal; text-align: justify;">Cách làm chả trứng cơm tấm thơm ngon như hàng tiệm</h2><h3 style="box-sizing: border-box; color: rgb(10, 10, 10); width: 1050px; text-rendering: optimizespeed; font-size: 1.25em; font-family: Inter, sans-serif; letter-spacing: normal; text-align: justify;"><span class="ez-toc-section" id="Nguyen_lieu_lam_cha_trung_com_tam" ez-toc-data-id="#Nguyen_lieu_lam_cha_trung_com_tam" style="box-sizing: border-box; -webkit-box-decoration-break: clone;"></span>Nguyên liệu làm chả trứng cơm tấm<span class="ez-toc-section-end" style="box-sizing: border-box; -webkit-box-decoration-break: clone;"></span></h3><h2 style="box-sizing: border-box; color: rgb(10, 10, 10); width: 1050px; text-rendering: optimizespeed; font-size: 1.6em; line-height: 1.3; font-family: Inter, sans-serif; letter-spacing: normal; text-align: justify;"><ul style="box-sizing: border-box; list-style-position: initial; list-style-image: initial; margin-bottom: 1.3em; font-size: 15px; font-weight: 400;"><li style="box-sizing: border-box; margin-bottom: 0.6em; margin-left: 1.3em; text-align: justify;">5 trứng gà.</li><li style="box-sizing: border-box; margin-bottom: 0.6em; margin-left: 1.3em; text-align: justify;">Một ít hành tím.</li><li style="box-sizing: border-box; margin-bottom: 0.6em; margin-left: 1.3em; text-align: justify;">15 gam nấm mộc nhĩ.</li><li style="box-sizing: border-box; margin-bottom: 0.6em; margin-left: 1.3em; text-align: justify;">10 gam bún khô.</li><li style="box-sizing: border-box; margin-bottom: 0.6em; margin-left: 1.3em; text-align: justify;">150 gam thịt băm nhỏ.</li><li style="box-sizing: border-box; margin-bottom: 0.6em; margin-left: 1.3em; text-align: justify;">Các loại gia vị như đường, muối, tiêu, nước mắn, dầu điều, dầu ăn,…</li><li style="box-sizing: border-box; margin-bottom: 0.6em; margin-left: 1.3em; text-align: justify;">Các loại dụng cụ: nồi, tô, cây đánh trứng,…</li></ul></h2><h3 style="box-sizing: border-box; color: rgb(10, 10, 10); width: 1050px; text-rendering: optimizespeed; font-size: 1.25em; font-family: Inter, sans-serif; letter-spacing: normal; text-align: justify;"><span class="ez-toc-section" id="Cach_lam_cha_trung_com_tam" ez-toc-data-id="#Cach_lam_cha_trung_com_tam" style="box-sizing: border-box; -webkit-box-decoration-break: clone;"></span>Cách làm chả trứng cơm tấm<span class="ez-toc-section-end" style="box-sizing: border-box; -webkit-box-decoration-break: clone;"></span></h3><h2 style="box-sizing: border-box; color: rgb(10, 10, 10); width: 1050px; text-rendering: optimizespeed; font-size: 1.6em; line-height: 1.3; font-family: Inter, sans-serif; letter-spacing: normal; text-align: justify;"><p style="box-sizing: border-box; margin-bottom: 1.3em; font-size: 15px; font-weight: 400;">Bước 1: Tiến hành sơ chế nguyên liệu</p><ul style="box-sizing: border-box; list-style-position: initial; list-style-image: initial; margin-bottom: 1.3em; font-size: 15px; font-weight: 400;"><li aria-level="1" style="box-sizing: border-box; margin-bottom: 0.6em; margin-left: 1.3em;">Mộc nhĩ và bún khô đem đi ngâm với nước ấm cho chúng nở ra, sau đó đem mộc nhĩ băm nhuyễn, còn bún khô thì cắt thành từng đoạn nhỏ khoảng 0,5cm.</li><li aria-level="1" style="box-sizing: border-box; margin-bottom: 0.6em; margin-left: 1.3em;">Đem hành tím đi bóc vỏ và băm nhuyễn</li><li aria-level="1" style="box-sizing: border-box; margin-bottom: 0.6em; margin-left: 1.3em;">Đập 5 quả trứng gà đã chuẩn bị vào một tô lớn, tiến hành vớt lòng đỏ để riêng. Cho vào lòng đỏ trứng gà một thìa canh dầu điều, sau đó đánh đều lên.</li></ul><p style="box-sizing: border-box; margin-bottom: 1.3em; font-size: 15px; font-weight: 400;">Bước 2: Trộn hỗn hợp nguyên liệu</p><ul style="box-sizing: border-box; list-style-position: initial; list-style-image: initial; margin-bottom: 1.3em; font-size: 15px; font-weight: 400;"><li aria-level="1" style="box-sizing: border-box; margin-bottom: 0.6em; margin-left: 1.3em;">Các nguyên liệu sau khi sơ chế bao gồm mộc nhĩ, trứng gà, thịt băm, bún, tiêu, đường, muối, nước mắm, dầu ăn, hành băm cho vào một cái ô lớn và trộn thật đều.</li><li aria-level="1" style="box-sizing: border-box; margin-bottom: 0.6em; margin-left: 1.3em;">Lấy một đôi đũa đánh nhẹ nhàng và đều tay. Thịt băm tơi đều sẽ làm cho chả trứng cơm tấm ngon hơn rất nhiều.</li></ul><p style="box-sizing: border-box; margin-bottom: 1.3em; font-size: 15px; font-weight: 400;">Bước 3: Hấp chả trứng</p><ul style="box-sizing: border-box; list-style-position: initial; list-style-image: initial; margin-bottom: 1.3em; font-size: 15px; font-weight: 400;"><li aria-level="1" style="box-sizing: border-box; margin-bottom: 0.6em; margin-left: 1.3em;">Chuẩn bị sẵn một cái tô lớn, thoa đều dầu ăn xung quanh để chống dính. Sau đó lấy hỗn hợp vừa trộn cho vào tô, dùng màng bọc thực phẩm bọc kín lại.</li><li aria-level="1" style="box-sizing: border-box; margin-bottom: 0.6em; margin-left: 1.3em;">Mang đi hấp cách thủy khoảng thời gian 20 phút. Sau đó mở nắp và quét đều hỗn hợp lòng đỏ với dầu điều quét lên bề mặt. Đó là cách chế biến món chả trứng ăn cơm tấm có màu sắc bắt mắt, thu hút người ăn ngay từ cái nhìn đầu tiên.</li><li aria-level="1" style="box-sizing: border-box; margin-bottom: 0.6em; margin-left: 1.3em;">Mở nắp và hấp tiếp tục khoảng 5-7 phút, khi mặt chả trứng khô và sờ không dính tay là được. Nếu như bạn thích ăn cay có thể cho thêm vài lát ở lên trên bề mặt chả trứng sau khi hấp xong nhé.</li></ul></h2><h2 style="box-sizing: border-box; color: rgb(10, 10, 10); width: 1050px; text-rendering: optimizespeed; font-size: 1.6em; line-height: 1.3; font-family: Inter, sans-serif; letter-spacing: normal; text-align: justify;"><span class="ez-toc-section" id="Thanh_pham_cha_trung_com_tam" ez-toc-data-id="#Thanh_pham_cha_trung_com_tam" style="box-sizing: border-box; -webkit-box-decoration-break: clone;"></span>Thành phẩm chả trứng cơm tấm<span class="ez-toc-section-end" style="box-sizing: border-box; -webkit-box-decoration-break: clone;"></span></h2><h2 style="box-sizing: border-box; color: rgb(10, 10, 10); width: 1050px; text-rendering: optimizespeed; font-size: 1.6em; line-height: 1.3; font-family: Inter, sans-serif; letter-spacing: normal; text-align: justify;"><p style="box-sizing: border-box; margin-bottom: 1.3em; font-size: 15px; font-weight: 400;">Sau khi hấp xong, bạn chỉ cần lấy chả trứng ra và cắt thành từng miếng nhỏ vừa ăn là có thể thưởng thức món cơm tấm chả trứng thơm ngon rồi. Với cách làm chả trứng cơm tấm này khi ăn sẽ có mùi rất thơm, vị mặn mặn, béo béo vô cùng hấp dẫn.</p><p style="box-sizing: border-box; margin-bottom: 1.3em; font-size: 15px; font-weight: 400;">&gt;&gt;&gt;&gt;&gt;Xem thêm: Quán&nbsp;<a href="https://comtamhuongduong.com/tiem-com-tam-gan-day/" style="box-sizing: border-box; background-color: transparent; touch-action: manipulation; color: rgb(51, 72, 98);">cơm tấm gần tôi</a>&nbsp;ngon nhất.</p></h2><h2 style="box-sizing: border-box; color: rgb(10, 10, 10); width: 1050px; text-rendering: optimizespeed; font-size: 1.6em; line-height: 1.3; font-family: Inter, sans-serif; letter-spacing: normal; text-align: justify;"><span class="ez-toc-section" id="Huong_dan_cach_lam_cha_trung_com_tam_khac" ez-toc-data-id="#Huong_dan_cach_lam_cha_trung_com_tam_khac" style="box-sizing: border-box; -webkit-box-decoration-break: clone;"></span>Hướng dẫn cách làm chả trứng cơm tấm khác</h2><h3 style="box-sizing: border-box; color: rgb(10, 10, 10); width: 1050px; text-rendering: optimizespeed; font-size: 1.25em; font-family: Inter, sans-serif; letter-spacing: normal; text-align: justify;"><span class="ez-toc-section" id="Cach_lam_cha_trung_chien" ez-toc-data-id="#Cach_lam_cha_trung_chien" style="box-sizing: border-box; -webkit-box-decoration-break: clone;"></span>Cách làm chả trứng chiên<span class="ez-toc-section-end" style="box-sizing: border-box; -webkit-box-decoration-break: clone;"></span></h3><h2 style="box-sizing: border-box; color: rgb(10, 10, 10); width: 1050px; text-rendering: optimizespeed; font-size: 1.6em; line-height: 1.3; font-family: Inter, sans-serif; letter-spacing: normal; text-align: justify;"><p style="box-sizing: border-box; margin-bottom: 1.3em; font-size: 15px; font-weight: 400;">Một trong những món ăn ngon và được nhiều lứa tuổi, đặc biệt là trẻ em yêu thích, đó là chả trứng chiên thịt bằm. Đây cũng là cách làm chả trứng bán cơm tấm ăn ngon tuyệt vời dành cho tất cả mọi người.</p><p style="box-sizing: border-box; margin-bottom: 1.3em; font-size: 15px; font-weight: 400;">Bước 1: Tiến hành sơ chế nguyên liệu</p><ul style="box-sizing: border-box; list-style-position: initial; list-style-image: initial; margin-bottom: 1.3em; font-size: 15px; font-weight: 400;"><li aria-level="1" style="box-sizing: border-box; margin-bottom: 0.6em; margin-left: 1.3em;">Bạn chỉ cần bóc vỏ, đập dập hành tím khô và băm nhuyễn ra. Với hành lá thì nhặt bỏ gốc, rửa sạch và cắt nhỏ nhé.</li></ul><p style="box-sizing: border-box; margin-bottom: 1.3em; font-size: 15px; font-weight: 400;">Bước 2: Trộn hỗn hợp</p><ul style="box-sizing: border-box; list-style-position: initial; list-style-image: initial; margin-bottom: 1.3em; font-size: 15px; font-weight: 400;"><li aria-level="1" style="box-sizing: border-box; margin-bottom: 0.6em; margin-left: 1.3em;">Cho trứng, thịt xay, hành lá và hành tím vào tô trộn đều.</li><li aria-level="1" style="box-sizing: border-box; margin-bottom: 0.6em; margin-left: 1.3em;">Tiếp theo tiến hành nêm nếm gia vị: 5ml nước mắn, 3 gam đường, 3 gam bột ngọt, tiêu.</li></ul><p style="box-sizing: border-box; margin-bottom: 1.3em; font-size: 15px; font-weight: 400;">Bước 3: Làm chả trứng chiên</p><ul style="box-sizing: border-box; list-style-position: initial; list-style-image: initial; margin-bottom: 1.3em; font-size: 15px; font-weight: 400;"><li aria-level="1" style="box-sizing: border-box; margin-bottom: 0.6em; margin-left: 1.3em;">Trước tiên cho dầu vào chảo, dùng muỗng hoặc tay vê từng viên chả.</li><li aria-level="1" style="box-sizing: border-box; margin-bottom: 0.6em; margin-left: 1.3em;">Cho vào chiên đến khi vàng đều cả 2 mặt, vớt ra và cho lên giấy thấm dầu.</li></ul><p style="box-sizing: border-box; margin-bottom: 1.3em; font-size: 15px; font-weight: 400;">Bước 4: Thành phẩm</p><ul style="box-sizing: border-box; list-style-position: initial; list-style-image: initial; margin-bottom: 1.3em; font-size: 15px; font-weight: 400;"><li aria-level="1" style="box-sizing: border-box; margin-bottom: 0.6em; margin-left: 1.3em;">Sau khi chiên hết phần chả trứng đã chuẩn bị, chỉ cần bày ra đĩa và thưởng thức.</li><li aria-level="1" style="box-sizing: border-box; margin-bottom: 0.6em; margin-left: 1.3em;">Bạn có thể ăn món chả này với cơm và nước mắm.</li></ul></h2><h3 style="box-sizing: border-box; color: rgb(10, 10, 10); width: 1050px; text-rendering: optimizespeed; font-size: 1.25em; font-family: Inter, sans-serif; letter-spacing: normal; text-align: justify;"><span class="ez-toc-section" id="Cach_lam_cha_trung_cuon_ngu_sac" ez-toc-data-id="#Cach_lam_cha_trung_cuon_ngu_sac" style="box-sizing: border-box; -webkit-box-decoration-break: clone;"></span>Cách làm chả trứng cuộn ngũ sắc<span class="ez-toc-section-end" style="box-sizing: border-box; -webkit-box-decoration-break: clone;"></span></h3><h2 style="box-sizing: border-box; color: rgb(10, 10, 10); width: 1050px; text-rendering: optimizespeed; font-size: 1.6em; line-height: 1.3; font-family: Inter, sans-serif; letter-spacing: normal; text-align: justify;"><p style="box-sizing: border-box; margin-bottom: 1.3em; font-size: 15px; font-weight: 400;">Chả trứng cuộn ngũ sắc là sự kết hợp giữa rau củ, trứng và thịt heo tạo cảm giác thơm ngon, đầy đủ chất dinh dưỡng nhưng không bị ngán.</p><p style="box-sizing: border-box; margin-bottom: 1.3em; font-size: 15px; font-weight: 400;">Các loại nguyên liệu cần có để làm món chả trứng cuộn ngũ sắc</p><ul style="box-sizing: border-box; list-style-position: initial; list-style-image: initial; margin-bottom: 1.3em; font-size: 15px; font-weight: 400;"><li aria-level="1" style="box-sizing: border-box; margin-bottom: 0.6em; margin-left: 1.3em;">100 gam giò sống</li><li aria-level="1" style="box-sizing: border-box; margin-bottom: 0.6em; margin-left: 1.3em;">3 cái nấm mèo</li><li aria-level="1" style="box-sizing: border-box; margin-bottom: 0.6em; margin-left: 1.3em;">½ củ cà rốt, 30g đậu que</li><li aria-level="1" style="box-sizing: border-box; margin-bottom: 0.6em; margin-left: 1.3em;">2 quả trứng vịt</li><li aria-level="1" style="box-sizing: border-box; margin-bottom: 0.6em; margin-left: 1.3em;">Một số gia vị: Nước mắm, muối, tiêu xay, đường, dầu ăn</li></ul><p style="box-sizing: border-box; margin-bottom: 1.3em; font-size: 15px; font-weight: 400;">Bước 1: Sơ chế nguyên liệu</p><ul style="box-sizing: border-box; list-style-position: initial; list-style-image: initial; margin-bottom: 1.3em; font-size: 15px; font-weight: 400;"><li aria-level="1" style="box-sizing: border-box; margin-bottom: 0.6em; margin-left: 1.3em;">Gọt vỏ cà rốt, thái hạt lựu</li><li aria-level="1" style="box-sizing: border-box; margin-bottom: 0.6em; margin-left: 1.3em;">Nhặt bỏ 2 đầu đậu que, thái hạt lựu</li><li aria-level="1" style="box-sizing: border-box; margin-bottom: 0.6em; margin-left: 1.3em;">Ngâm nấm mèo 60 phút trong nước sạch để nó nở mềm rồi vặt khô, sau đó cắt nhỏ.</li></ul><p style="box-sizing: border-box; margin-bottom: 1.3em; font-size: 15px; font-weight: 400;">Bước 2: Trộn giò sống</p><ul style="box-sizing: border-box; list-style-position: initial; list-style-image: initial; margin-bottom: 1.3em; font-size: 15px; font-weight: 400;"><li aria-level="1" style="box-sizing: border-box; margin-bottom: 0.6em; margin-left: 1.3em;">Nêm nếm thêm ½ muỗng cà phê tiêu xay, 1 muỗng canh nước mắm vào giò sống rồi trộn thật đều.</li><li aria-level="1" style="box-sizing: border-box; margin-bottom: 0.6em; margin-left: 1.3em;">Cho thêm cà rốt, đậu que và nấm mèo đã chuẩn bị vào tô rồi tiếp tục trộn đều thêm một lần nữa.</li></ul><p style="box-sizing: border-box; margin-bottom: 1.3em; font-size: 15px; font-weight: 400;">Bước 3: Chiên trứng</p><ul style="box-sizing: border-box; list-style-position: initial; list-style-image: initial; margin-bottom: 1.3em; font-size: 15px; font-weight: 400;"><li aria-level="1" style="box-sizing: border-box; margin-bottom: 0.6em; margin-left: 1.3em;">Đập trứng vịt vào tô và cho thêm ½ muỗng cà phê đường, ½ muỗng cà phê muối rồi khuấy đều. Sau khi gia vị tan hết cho thêm 1 muỗng canh nước lọc.</li><li aria-level="1" style="box-sizing: border-box; margin-bottom: 0.6em; margin-left: 1.3em;">Mở lửa lớn cho chảo lên bếp và cho vào 3 muỗng canh dầu ăn.Cho hỗn hợp trứng vào chiên khi dầu nóng và điều chỉnh lửa nhỏ lại. Chiên đến khi trứng khô 2 mặt, còn hơi ướt là có thể tắt bếp.</li></ul><p style="box-sizing: border-box; margin-bottom: 1.3em; font-size: 15px; font-weight: 400;">Bước 4: Cuộn và hấp chả trứng</p><ul style="box-sizing: border-box; list-style-position: initial; list-style-image: initial; margin-bottom: 1.3em; font-size: 15px; font-weight: 400;"><li aria-level="1" style="box-sizing: border-box; margin-bottom: 0.6em; margin-left: 1.3em;">Khi trứng nguội thì cho giò sống đã chuẩn bị lên trên bề mặt, tán hỗn hợp dày ở trong và mỏng ở phía rìa.</li><li aria-level="1" style="box-sizing: border-box; margin-bottom: 0.6em; margin-left: 1.3em;">Cuộn trứng lại và cho vào xửng hấp cách thủy khoảng 30 phút. Sau đó mở nắp và lấy chả trứng cuộn ngũ sắc ra, cắt thành khoanh vừa ăn.</li></ul><p style="box-sizing: border-box; margin-bottom: 1.3em; font-size: 15px; font-weight: 400;">Bước 5: Thành phẩm</p><ul style="box-sizing: border-box; list-style-position: initial; list-style-image: initial; margin-bottom: 1.3em; font-size: 15px; font-weight: 400;"><li aria-level="1" style="box-sizing: border-box; margin-bottom: 0.6em; margin-left: 1.3em;">Chúng ta có món chả trứng cuộn ngũ sắc vô cùng hấp dẫn. Ăn với cơm và nước mắm chua ngọt sẽ rất tuyệt vời.</li></ul></h2><h3 style="box-sizing: border-box; color: rgb(10, 10, 10); width: 1050px; text-rendering: optimizespeed; font-size: 1.25em; font-family: Inter, sans-serif; letter-spacing: normal; text-align: justify;"><span class="ez-toc-section" id="Cach_lam_cha_trung_nuong" ez-toc-data-id="#Cach_lam_cha_trung_nuong" style="box-sizing: border-box; -webkit-box-decoration-break: clone;"></span>Cách làm chả trứng nướng<span class="ez-toc-section-end" style="box-sizing: border-box; -webkit-box-decoration-break: clone;"></span></h3><h2 style="box-sizing: border-box; color: rgb(10, 10, 10); width: 1050px; text-rendering: optimizespeed; font-size: 1.6em; line-height: 1.3; font-family: Inter, sans-serif; letter-spacing: normal; text-align: justify;"><p style="box-sizing: border-box; margin-bottom: 1.3em; font-size: 15px; font-weight: 400;">Về cơ bản, nguyên liệu, cách chế biến và trộn thịt cũng giống như cách làm món chả tứng hấp. Nhưng thay vì hấp hỗn hợp, hãy làm theo các bước hướng dẫn cách làm chả trứng cơm tấm sau:</p><p style="box-sizing: border-box; margin-bottom: 1.3em; font-size: 15px; font-weight: 400;">Nguyên liệu làm món chả trứng nướng:</p><ul style="box-sizing: border-box; list-style-position: initial; list-style-image: initial; margin-bottom: 1.3em; font-size: 15px; font-weight: 400;"><li aria-level="1" style="box-sizing: border-box; margin-bottom: 0.6em; margin-left: 1.3em;">4 quả trứng vịt</li><li aria-level="1" style="box-sizing: border-box; margin-bottom: 0.6em; margin-left: 1.3em;">150 gam thịt xay</li><li aria-level="1" style="box-sizing: border-box; margin-bottom: 0.6em; margin-left: 1.3em;">2 bó bún tàu</li><li aria-level="1" style="box-sizing: border-box; margin-bottom: 0.6em; margin-left: 1.3em;">25 gam nấm mộc nhĩ</li><li aria-level="1" style="box-sizing: border-box; margin-bottom: 0.6em; margin-left: 1.3em;">Củ hành tím, ớt</li><li aria-level="1" style="box-sizing: border-box; margin-bottom: 0.6em; margin-left: 1.3em;">Dụng cụ: Tô, nồi, dụng cụ đánh trứng,màng bọc thực phẩm,…</li></ul></h2><h4 style="box-sizing: border-box; color: rgb(10, 10, 10); width: 1050px; margin-top: 0px; margin-bottom: 0.5em; text-rendering: optimizespeed; font-size: 1.125em; font-family: Inter, sans-serif; letter-spacing: normal; text-align: justify; text-transform: none;"><span class="ez-toc-section" id="Buoc_1_So_che_nguyen_lieu" ez-toc-data-id="#Buoc_1_So_che_nguyen_lieu" style="box-sizing: border-box; -webkit-box-decoration-break: clone;"></span>Bước 1: Sơ chế nguyên liệu<span class="ez-toc-section-end" style="box-sizing: border-box; -webkit-box-decoration-break: clone;"></span></h4><h2 style="box-sizing: border-box; color: rgb(10, 10, 10); width: 1050px; text-rendering: optimizespeed; font-size: 1.6em; line-height: 1.3; font-family: Inter, sans-serif; letter-spacing: normal; text-align: justify;"><ul style="box-sizing: border-box; list-style-position: initial; list-style-image: initial; margin-bottom: 1.3em; font-size: 15px; font-weight: 400;"><li aria-level="1" style="box-sizing: border-box; margin-bottom: 0.6em; margin-left: 1.3em;">Ngâm bún tàu và nấm mộc nhĩ cho đến khi chúng nở ra rồi băm nhuyễn mộc nhĩ và cắt bún thành đoạn dài 0.5cm</li><li aria-level="1" style="box-sizing: border-box; margin-bottom: 0.6em; margin-left: 1.3em;">Sau đó bóc vỏ và băm nhuyễn hành tím.</li></ul></h2><h4 style="box-sizing: border-box; color: rgb(10, 10, 10); width: 1050px; margin-top: 0px; margin-bottom: 0.5em; text-rendering: optimizespeed; font-size: 1.125em; font-family: Inter, sans-serif; letter-spacing: normal; text-align: justify; text-transform: none;"><span class="ez-toc-section" id="Buoc_2_Uop_thit" ez-toc-data-id="#Buoc_2_Uop_thit" style="box-sizing: border-box; -webkit-box-decoration-break: clone;"></span>Bước 2: Ướp thịt<span class="ez-toc-section-end" style="box-sizing: border-box; -webkit-box-decoration-break: clone;"></span></h4><h2 style="box-sizing: border-box; color: rgb(10, 10, 10); width: 1050px; text-rendering: optimizespeed; font-size: 1.6em; line-height: 1.3; font-family: Inter, sans-serif; letter-spacing: normal; text-align: justify;"><ul style="box-sizing: border-box; list-style-position: initial; list-style-image: initial; margin-bottom: 1.3em; font-size: 15px; font-weight: 400;"><li aria-level="1" style="box-sizing: border-box; margin-bottom: 0.6em; margin-left: 1.3em;">Cho 150g thịt băm vào tô, sau đó lần lượt cho các nguyên liệu đã chuẩn bị và gia vị vào: 3 gam tiêu, 5 gam đường, 10ml nước mắm trộn đều, để yên khoảng 15 phút.</li><li aria-level="1" style="box-sizing: border-box; margin-bottom: 0.6em; margin-left: 1.3em;">&nbsp;Sau đó bạn đập 2 quả trứng vào tô, đánh đều, rồi cho vào tô thịt đã ướp và trộn đều.</li></ul></h2><h4 style="box-sizing: border-box; color: rgb(10, 10, 10); width: 1050px; margin-top: 0px; margin-bottom: 0.5em; text-rendering: optimizespeed; font-size: 1.125em; font-family: Inter, sans-serif; letter-spacing: normal; text-align: justify; text-transform: none;"><span class="ez-toc-section" id="Buoc_3_Nuong_cha_trung" ez-toc-data-id="#Buoc_3_Nuong_cha_trung" style="box-sizing: border-box; -webkit-box-decoration-break: clone;"></span>Bước 3: Nướng chả trứng<span class="ez-toc-section-end" style="box-sizing: border-box; -webkit-box-decoration-break: clone;"></span></h4><h2 style="box-sizing: border-box; color: rgb(10, 10, 10); width: 1050px; text-rendering: optimizespeed; font-size: 1.6em; line-height: 1.3; font-family: Inter, sans-serif; letter-spacing: normal; text-align: justify;"><ul style="box-sizing: border-box; list-style-position: initial; list-style-image: initial; margin-bottom: 1.3em; font-size: 15px; font-weight: 400;"><li aria-level="1" style="box-sizing: border-box; margin-bottom: 0.6em; margin-left: 1.3em;">&nbsp;Dùng màng bọc thực phẩm bọc chả trứng đã trộn rồi để nghỉ trong tủ lạnh 10 phút.</li><li aria-level="1" style="box-sizing: border-box; margin-bottom: 0.6em; margin-left: 1.3em;">&nbsp;Mở lò nướng ở nhiệt độ 180-200 độ C và cho chả trứng vào lò nướng trong 15 phút.</li><li aria-level="1" style="box-sizing: border-box; margin-bottom: 0.6em; margin-left: 1.3em;">&nbsp;Sau thời gian này, lấy chả trứng ra, phết lòng đỏ và nướng thêm 10 đến 15 phút nữa.</li></ul></h2><h4 style="box-sizing: border-box; color: rgb(10, 10, 10); width: 1050px; margin-top: 0px; margin-bottom: 0.5em; text-rendering: optimizespeed; font-size: 1.125em; font-family: Inter, sans-serif; letter-spacing: normal; text-align: justify; text-transform: none;"><span class="ez-toc-section" id="Buoc_4_Thanh_pham" ez-toc-data-id="#Buoc_4_Thanh_pham" style="box-sizing: border-box; -webkit-box-decoration-break: clone;"></span>Bước 4 Thành phẩm<span class="ez-toc-section-end" style="box-sizing: border-box; -webkit-box-decoration-break: clone;"></span></h4><h2 style="box-sizing: border-box; color: rgb(10, 10, 10); width: 1050px; text-rendering: optimizespeed; font-size: 1.6em; line-height: 1.3; font-family: Inter, sans-serif; letter-spacing: normal; text-align: justify;"><ul style="box-sizing: border-box; list-style-position: initial; list-style-image: initial; margin-bottom: 1.3em; font-size: 15px; font-weight: 400;"><li aria-level="1" style="box-sizing: border-box; margin-bottom: 0.6em; margin-left: 1.3em;">Với món chả trứng nướng này có thể ăn kèm bún và nước mắm chua ngọt kèm rau sống sẽ càng tăng thêm sức hấp dẫn cho món ăn.</li></ul><p style="box-sizing: border-box; margin-bottom: 1.3em; font-size: 15px; font-weight: 400;">Như vậy, với cách làm chả trứng cơm tấm được hướng dẫn trong bài viết&nbsp; bạn có thể vào bếp chế biến một bữa ăn thơm ngon cho cả gia đình. Bạn thậm chí có thể nghĩ đến việc mở một doanh nghiệp để tăng thu nhập hàng tháng của cá nhân mình. Bạn có thể truy cập website&nbsp;<span style="box-sizing: border-box; color: rgb(0, 0, 255);"><a href="https://comtamhuongduong.com/" target="_blank" rel="noopener" style="box-sizing: border-box; background-color: transparent; touch-action: manipulation; color: rgb(0, 0, 255);">Cơm Tấm Hướng Dương</a></span>&nbsp;để tìm hiểu cách làm món chả trứng cơm tấm thơm ngon chinh phục cả những thực khách khó tính nhé.</p></h2>', NULL, '2023-10-22 21:27:11', '2023-12-06 14:19:36'),
	(9, 'Kinh nghiệm mở quán cơm tấm cho người mới bắt đầu', '9.jpg', 'Cơm tấm là một món ăn bình dân được rất nhiều người yêu thích, đặc biệt là khách du lịch quốc tế. Kinh doanh quán cơm tấm là một ý tưởng tiềm năng cho những người đang muốn khởi nghiệp với mô hình quán ăn. Mặc dù có ý định mở quán, tuy nhiên, nhiều người vẫn đang băn khoăn không biết mở quán cơm tấm có lời không? Số vốn cần bỏ ra để kinh doanh quán cơm tấm là bao nhiêu? Dưới đây là kinh nghiệm mở quán cơm tấm cho người mới bắt đầu, cùng tham khảo nhé!', '<h2 style="box-sizing: border-box; color: rgb(10, 10, 10); width: 1050px; text-rendering: optimizespeed; font-size: 1.6em; line-height: 1.3; font-family: Inter, sans-serif; letter-spacing: normal; text-align: justify;">Nguyên liệu làm chả trứng chay cơm tấm<span class="ez-toc-section-end" style="box-sizing: border-box; -webkit-box-decoration-break: clone;"></span></h2><h2 style="box-sizing: border-box; color: rgb(10, 10, 10); width: 1050px; text-rendering: optimizespeed; font-size: 1.6em; line-height: 1.3; font-family: Inter, sans-serif; letter-spacing: normal; text-align: justify;"><p style="box-sizing: border-box; margin-bottom: 1.3em; font-size: 15px; font-weight: 400;">Nếu muốn làm món chả trứng truyền thống bạn cần phải chuẩn bị những nguyên liệu như thịt nạc xay, trứng gà, trứng vịt… Còn với món chả trứng chay, bạn chỉ cần chuẩn bị các loại nguyên liệu đơn giản dưới đây. Bạn có thể chế biến được một món ăn ngon chẳng thua kém gì so với phiên bản gốc.</p><p style="box-sizing: border-box; margin-bottom: 1.3em; font-size: 15px; font-weight: 400;">Các loại nguyên liệu bạn cần chuẩn bị như sau:</p><ul style="box-sizing: border-box; list-style-position: initial; list-style-image: initial; margin-bottom: 1.3em; font-size: 15px; font-weight: 400;"><li aria-level="1" style="box-sizing: border-box; margin-bottom: 0.6em; margin-left: 1.3em;">2 miếng đậu hũ trắng</li><li aria-level="1" style="box-sizing: border-box; margin-bottom: 0.6em; margin-left: 1.3em;">350 gram tàu hũ ky</li><li aria-level="1" style="box-sizing: border-box; margin-bottom: 0.6em; margin-left: 1.3em;">50 gram nấm mộc nhĩ</li><li aria-level="1" style="box-sizing: border-box; margin-bottom: 0.6em; margin-left: 1.3em;">50 gram bún tàu</li><li aria-level="1" style="box-sizing: border-box; margin-bottom: 0.6em; margin-left: 1.3em;">5 thìa cà phê hạt nêm (lưu ý nên lựa chọn hạt nêm làm từ nấm hương, không chọn hạt nêm làm từ xương ống).</li><li aria-level="1" style="box-sizing: border-box; margin-bottom: 0.6em; margin-left: 1.3em;">40 gram bột gạo tẻ</li><li aria-level="1" style="box-sizing: border-box; margin-bottom: 0.6em; margin-left: 1.3em;">100 ml nước</li><li aria-level="1" style="box-sizing: border-box; margin-bottom: 0.6em; margin-left: 1.3em;">30 gram bột năng</li><li aria-level="1" style="box-sizing: border-box; margin-bottom: 0.6em; margin-left: 1.3em;">20 gram hành boa rô cắt nhỏ</li><li aria-level="1" style="box-sizing: border-box; margin-bottom: 0.6em; margin-left: 1.3em;">70 ml màu dầu điều</li><li aria-level="1" style="box-sizing: border-box; margin-bottom: 0.6em; margin-left: 1.3em;">Các dụng cụ hỗ trợ chế biến khác cần chuẩn bị như: túi lọc, nồi, máy xay, khuôn</li></ul><p style="box-sizing: border-box; margin-bottom: 1.3em; font-size: 15px; font-weight: 400;">Đây đều là những nguyên liệu quen thuộc, đơn giản, có thể dễ dàng tìm mua trong các siêu thị hay những chợ cóc gần nhà.</p></h2><h2 style="box-sizing: border-box; color: rgb(10, 10, 10); width: 1050px; text-rendering: optimizespeed; font-size: 1.6em; line-height: 1.3; font-family: Inter, sans-serif; letter-spacing: normal; text-align: justify;"><span class="ez-toc-section" id="Cach_lam_cha_trung_chay_com_tam_thom_ngon" ez-toc-data-id="#Cach_lam_cha_trung_chay_com_tam_thom_ngon" style="box-sizing: border-box; -webkit-box-decoration-break: clone;"></span>Cách làm chả trứng chay cơm tấm thơm ngon</h2><h2 style="box-sizing: border-box; color: rgb(10, 10, 10); width: 1050px; text-rendering: optimizespeed; font-size: 1.6em; line-height: 1.3; font-family: Inter, sans-serif; letter-spacing: normal; text-align: justify;"><p style="box-sizing: border-box; margin-bottom: 1.3em; font-size: 15px; font-weight: 400;">Bước 1: Sơ chế nguyên liệu</p><p style="box-sizing: border-box; margin-bottom: 1.3em; font-size: 15px; font-weight: 400;">Các nguyên liệu để làm món chả trứng chay cơm tấm sau khi mua về đem đi sơ chế theo các bước sau đây:</p><ul style="box-sizing: border-box; list-style-position: initial; list-style-image: initial; margin-bottom: 1.3em; font-size: 15px; font-weight: 400;"><li aria-level="1" style="box-sizing: border-box; margin-bottom: 0.6em; margin-left: 1.3em;">Nấm mộc nhĩ và bún tàu đem ngâm với nước ấm, sau đó vớt ra, rửa sạch lại với nước. Phần bún khi rửa sạch đem cắt thành những khúc nhỏ khoảng 2-3cm. Nấm mộc nhĩ đem đi băm nhuyễn.</li><li aria-level="1" style="box-sizing: border-box; margin-bottom: 0.6em; margin-left: 1.3em;">Đậu hũ trắng và tàu hũ ky đem đi luộc với nước sôi, thời gian luộc sẽ dao động từ khoảng 7-10 phút.</li><li aria-level="1" style="box-sizing: border-box; margin-bottom: 0.6em; margin-left: 1.3em;">Cho tàu hũ ky vào túi lọc, đặt tàu hũ trắng vào bên trong. Sau đó túm chặt lấy phần đầu túi lọc và vắt kiệt đi phần nước.</li><li aria-level="1" style="box-sizing: border-box; margin-bottom: 0.6em; margin-left: 1.3em;">Sau khi lọc, bạn sẽ có được thành phẩm là bã đậu, cho bã vào máy xay. Để xay cùng với 30g bột gạo và 30g bột năng. Xay liên tục cho đến khi cảm thấy hỗn hợp bã đậu và bột hòa quyện đều vào với nhau, nhuyễn mịn thì tắt máy. Phần bột này sẽ giúp kết dính các nguyên liệu vào với nhau. Giúp món chả trứng chay cơm tấm được mềm mịn.</li><li aria-level="1" style="box-sizing: border-box; margin-bottom: 0.6em; margin-left: 1.3em;">Dùng muỗng múc một nửa hỗn hợp bột vừa xay mịn ra một chiếc tô. Phần này sẽ được sử dụng để tạo màu cho phần mặt của chả trứng chay cơm tấm.</li><li aria-level="1" style="box-sizing: border-box; margin-bottom: 0.6em; margin-left: 1.3em;">Phần bột còn lại, nêm nếm thêm 4 thìa cà phê hạt nêm làm từ nấm. Thêm vào đó 45ml màu dầu điều rồi đem xay thêm một lần nữa. Việc xay lại sẽ giúp các gia vị được tan đều và không bị vón cục.</li><li aria-level="1" style="box-sizing: border-box; margin-bottom: 0.6em; margin-left: 1.3em;">Sau khi xay xong, cho phần nấm mèo và bún tàu cắt nhỏ vào trộn thật đều.</li></ul></h2><h3 style="box-sizing: border-box; color: rgb(10, 10, 10); width: 1050px; text-rendering: optimizespeed; font-size: 1.25em; font-family: Inter, sans-serif; letter-spacing: normal; text-align: justify;"><span class="ez-toc-section" id="Buoc_2_Hap_cha_trung_chay" ez-toc-data-id="#Buoc_2_Hap_cha_trung_chay" style="box-sizing: border-box; -webkit-box-decoration-break: clone;"></span>Bước 2: Hấp chả trứng chay<span class="ez-toc-section-end" style="box-sizing: border-box; -webkit-box-decoration-break: clone;"></span></h3><h2 style="box-sizing: border-box; color: rgb(10, 10, 10); width: 1050px; text-rendering: optimizespeed; font-size: 1.6em; line-height: 1.3; font-family: Inter, sans-serif; letter-spacing: normal; text-align: justify;"><p style="box-sizing: border-box; margin-bottom: 1.3em; font-size: 15px; font-weight: 400;">Các nguyên liệu sau khi sơ chế xong sẽ được đem hấp. Cách thực hiện như sau:</p><ul style="box-sizing: border-box; list-style-position: initial; list-style-image: initial; margin-bottom: 1.3em; font-size: 15px; font-weight: 400;"><li aria-level="1" style="box-sizing: border-box; margin-bottom: 0.6em; margin-left: 1.3em;">Chiếc tô đã chuẩn bị đem phết một lớp dầu ăn mỏng xuống đáy để khi đổ chả vào không bị dính.</li><li aria-level="1" style="box-sizing: border-box; margin-bottom: 0.6em; margin-left: 1.3em;">Dùng muỗng dàn đều chả trứng sao cho bằng phẳng, sau đó đem đi hấp cách thủy trong vòng 20 phút.</li><li aria-level="1" style="box-sizing: border-box; margin-bottom: 0.6em; margin-left: 1.3em;">Trong khi chờ chả trứng chay cơm tấm chín, đem phần hỗn hợp bột gạo xay cùng đậu hũ.. Ban đầu đi trộn đều với 10g bột gạo và 30ml màu dầu điều còn lại với 100ml nước sôi để nguội.</li><li aria-level="1" style="box-sizing: border-box; margin-bottom: 0.6em; margin-left: 1.3em;">Sau 20 phút hấp chả trứng trên bếp, lúc này bạn mở vung và đổ hỗn hợp vừa trộn lên bề mặt, sau đó dàn đều. Tiếp tục hấp chả trứng thêm khoảng 15 phút nữa. Để kiểm tra xem chả trứng đã chín chưa, bạn có thể dùng tăm đâm những lỗ nhỏ vào chả trứng. Nếu tăm không bị dính bất cứ một nguyên liệu gì tức là chả trứng chay cơm tấm đã chín. Bạn chỉ cần tắt bếp, chờ chả trứng nguội, lấy chả ra khỏi khuôn. Sau đó cắt thành những miếng nhỏ vừa ăn là có thể thưởng thức rồi</li></ul><p style="box-sizing: border-box; margin-bottom: 1.3em; font-size: 15px; font-weight: 400;">Món chả trứng chay cơm tấm nếu được thực hiện theo đúng công thức trên sau khi hoàn thành sẽ có màu vàng vô cùng bắt mắt. Khi ăn bạn sẽ cảm nhận được mùi thơm của nấm, độ dai giòn của bún tàu và mềm mềm, thơm thơm của đậu hũ vô cùng cuốn miệng.</p><p style="box-sizing: border-box; margin-bottom: 1.3em; font-size: 15px; font-weight: 400;">&gt;&gt;&gt;&gt;Xem thêm:&nbsp;<a href="https://comtamhuongduong.com/tiem-com-tam-gan-day/" target="_blank" rel="noopener" style="box-sizing: border-box; background-color: transparent; touch-action: manipulation; color: rgb(51, 72, 98);">tiệm cơm tấm gần đây</a></p></h2><h2 style="box-sizing: border-box; color: rgb(10, 10, 10); width: 1050px; text-rendering: optimizespeed; font-size: 1.6em; line-height: 1.3; font-family: Inter, sans-serif; letter-spacing: normal; text-align: justify;"><span class="ez-toc-section" id="Luu_y_khi_lam_cha_trung_chay_com_tam" ez-toc-data-id="#Luu_y_khi_lam_cha_trung_chay_com_tam" style="box-sizing: border-box; -webkit-box-decoration-break: clone;"></span>Lưu ý khi làm chả trứng chay cơm tấm</h2><h2 style="box-sizing: border-box; color: rgb(10, 10, 10); width: 1050px; text-rendering: optimizespeed; font-size: 1.6em; line-height: 1.3; font-family: Inter, sans-serif; letter-spacing: normal; text-align: justify;"><p style="box-sizing: border-box; margin-bottom: 1.3em; font-size: 15px; font-weight: 400;">Để món chả trứng chay cơm tấm khi hoàn thành được thơm ngon, bùng nổ vị giác thì bạn cần lưu ý một số vấn đề sau đây:</p><ul style="box-sizing: border-box; list-style-position: initial; list-style-image: initial; margin-bottom: 1.3em; font-size: 15px; font-weight: 400;"><li aria-level="1" style="box-sizing: border-box; margin-bottom: 0.6em; margin-left: 1.3em;">Khi hấp chả, không nên mở vung nồi thường xuyên. Việc này sẽ khiến hơi thoát ra, chả trứng chín không đều. Nếu lo lắng chả trứng bị đọng nước thì cứ 10 phút, bạn có thể mở vung 1 lần sau đó lại đậy ngay lại.</li><li aria-level="1" style="box-sizing: border-box; margin-bottom: 0.6em; margin-left: 1.3em;">Chả trứng khi còn nóng rất dễ bị vỡ. Chính vì vậy, khi hấp xong bạn nên chờ cho chả nguội hẳn rồi mới lấy ra khỏi luôn.</li><li aria-level="1" style="box-sizing: border-box; margin-bottom: 0.6em; margin-left: 1.3em;">Để chả ngon hơn, sau khi hấp xong bạn nên để chả trong ngăn mát tủ lạnh từ 2-3 tiếng.</li><li aria-level="1" style="box-sizing: border-box; margin-bottom: 0.6em; margin-left: 1.3em;">Chả trứng chay khi ăn cùng với cơm tấm, kết hợp với các loại topping khác. Như: đồ chua, rau sống, nước mắm chua ngọt thì đúng là bùng nổ vị giác.</li></ul></h2>', NULL, '2023-10-22 21:27:11', '2023-12-06 14:19:36'),
	(11, 'Bật mí bí quyết chọn thịt làm cơm tấm chuẩn nhà hàng ngon', '11.jpg', 'Một đĩa cơm tấm ngon, chuẩn vị phải có đầy đủ các món ăn kèm như: chả trứng hấp, trứng ốp la, bì thính, thịt xíu mại hoặc thịt nướng. Một miếng thịt nướng mềm, thơm và thấm đều gia vị sẽ giúp đĩa cơm tấm thêm tròn vị, đậm đà hơn rất nhiều. Để thịt ngon thì khâu chọn thịt vô cùng quan trọng. Vậy chọn thịt làm cơm tấm như thế nào? Bài viết dưới đây chúng tôi sẽ bật mí cách chọn thịt làm cơm tấm và cách ướp thịt thơm ngon, chuẩn nhà hàng. Cùng tham khảo nhé!', '<h2 style="box-sizing: border-box; color: rgb(10, 10, 10); width: 1050px; text-rendering: optimizespeed; font-size: 1.6em; line-height: 1.3; font-family: Inter, sans-serif; letter-spacing: normal; text-align: justify;">Cách chọn thịt làm cơm tấm<span class="ez-toc-section-end" style="box-sizing: border-box; -webkit-box-decoration-break: clone;"></span></h2><h2 style="box-sizing: border-box; color: rgb(10, 10, 10); width: 1050px; text-rendering: optimizespeed; font-size: 1.6em; line-height: 1.3; font-family: Inter, sans-serif; letter-spacing: normal; text-align: justify;"><p style="box-sizing: border-box; margin-bottom: 1.3em; font-size: 15px; font-weight: 400;">Để miếng thịt nướng vừa thơm, ngon, nhưng vẫn đảm bảo được độ mềm ngọt thì bạn cần phải có sự tỉ mỉ ngay từ khâu chọn thịt. Khi chọn thịt làm cơm tấm, bạn nên lựa chọn các loại thịt như: thịt cốt lết, thịt nạc dăm, sườn mỡ hoặc sườn cọng.</p><p style="box-sizing: border-box; margin-bottom: 1.3em; font-size: 15px; font-weight: 400;">Đối với loại thịt cốt lết, để thịt khi nướng lên thơm ngon, mềm ngọt nhất. Thì bạn nên ưu tiên lựa chọn những miếng thịt tươi, có màu hồng nhạt. Những miếng thịt có gân mỡ thì khi nướng lên sẽ mềm và ngon hơn, thịt sẽ không bị khô. Tuy nhiên, nếu làm cơm tấm cho nhà ăn, không quá cầu kỳ, bạn có thể lựa chọn thịt làm cơm tấm là thịt nạc dăm vừa có mỡ, vừa có thịt cũng khá ngon. Với cách chọn thịt làm cơm tấm trên, bạn sẽ lựa chọn được những miếng thịt ngon, chế biến nên những món ăn ngon cho mình và gia đình.</p></h2><h2 style="box-sizing: border-box; color: rgb(10, 10, 10); width: 1050px; text-rendering: optimizespeed; font-size: 1.6em; line-height: 1.3; font-family: Inter, sans-serif; letter-spacing: normal; text-align: justify;"><span class="ez-toc-section" id="Nguyen_lieu_lam_thit_com_tam" ez-toc-data-id="#Nguyen_lieu_lam_thit_com_tam" style="box-sizing: border-box; -webkit-box-decoration-break: clone;"></span>Nguyên liệu làm thịt cơm tấm<span class="ez-toc-section-end" style="box-sizing: border-box; -webkit-box-decoration-break: clone;"></span></h2><h2 style="box-sizing: border-box; color: rgb(10, 10, 10); width: 1050px; text-rendering: optimizespeed; font-size: 1.6em; line-height: 1.3; font-family: Inter, sans-serif; letter-spacing: normal; text-align: justify;"><p style="box-sizing: border-box; margin-bottom: 1.3em; font-size: 15px; font-weight: 400;">Để làm thịt cơm tấm, bạn cần chuẩn bị đầy đủ các loại nguyên liệu như sau:</p><ul style="box-sizing: border-box; list-style-position: initial; list-style-image: initial; margin-bottom: 1.3em; font-size: 15px; font-weight: 400;"><li aria-level="1" style="box-sizing: border-box; margin-bottom: 0.6em; margin-left: 1.3em;">1kg thịt lợn (ưu tiên lựa chọn thịt làm cơm tấm là các loại thịt như: thịt cốt lết, thịt sườn mỡ, thịt nạc dăm).</li><li aria-level="1" style="box-sizing: border-box; margin-bottom: 0.6em; margin-left: 1.3em;">Nửa củ tỏi, 10 củ hành lá, 3-5 nhánh sả, ¼ quả cam</li><li aria-level="1" style="box-sizing: border-box; margin-bottom: 0.6em; margin-left: 1.3em;">1 thìa canh đường</li><li aria-level="1" style="box-sizing: border-box; margin-bottom: 0.6em; margin-left: 1.3em;">3 thìa cà phê nước</li><li aria-level="1" style="box-sizing: border-box; margin-bottom: 0.6em; margin-left: 1.3em;">¼ thìa cà phê bột ngũ vị hương</li><li aria-level="1" style="box-sizing: border-box; margin-bottom: 0.6em; margin-left: 1.3em;">1 thìa cà phê mì chính</li><li aria-level="1" style="box-sizing: border-box; margin-bottom: 0.6em; margin-left: 1.3em;">½ thìa canh hạt nêm</li><li aria-level="1" style="box-sizing: border-box; margin-bottom: 0.6em; margin-left: 1.3em;">½ thìa canh mạch nha</li><li aria-level="1" style="box-sizing: border-box; margin-bottom: 0.6em; margin-left: 1.3em;">½ thìa canh nước mắm</li><li aria-level="1" style="box-sizing: border-box; margin-bottom: 0.6em; margin-left: 1.3em;">½ thìa canh dầu hào</li><li aria-level="1" style="box-sizing: border-box; margin-bottom: 0.6em; margin-left: 1.3em;">1 thìa canh nước tương</li><li aria-level="1" style="box-sizing: border-box; margin-bottom: 0.6em; margin-left: 1.3em;">1 thìa canh mật ong</li><li aria-level="1" style="box-sizing: border-box; margin-bottom: 0.6em; margin-left: 1.3em;">1 thìa canh sữa đặc</li><li aria-level="1" style="box-sizing: border-box; margin-bottom: 0.6em; margin-left: 1.3em;">1 thìa canh màu dầu điều</li><li aria-level="1" style="box-sizing: border-box; margin-bottom: 0.6em; margin-left: 1.3em;">4 thìa canh dầu ăn hoặc mỡ heo</li></ul><p style="box-sizing: border-box; margin-bottom: 1.3em; font-size: 15px; font-weight: 400;">Lưu ý, tùy từng loại gia vị mà dụng cụ đong đếm sẽ khác nhau. Mỗi một thìa canh sẽ tương đương bằng 3 thìa cà phê. Đơn vị chuẩn nhất là, 1 thìa cà phê là 5ml, 1 thìa canh là 15ml</p></h2><h2 style="box-sizing: border-box; color: rgb(10, 10, 10); width: 1050px; text-rendering: optimizespeed; font-size: 1.6em; line-height: 1.3; font-family: Inter, sans-serif; letter-spacing: normal; text-align: justify;"><span class="ez-toc-section" id="Cach_lam_thit_com_tam_thom_ngon" ez-toc-data-id="#Cach_lam_thit_com_tam_thom_ngon" style="box-sizing: border-box; -webkit-box-decoration-break: clone;"></span>Cách làm thịt cơm tấm thơm ngon</h2><h3 style="box-sizing: border-box; color: rgb(10, 10, 10); width: 1050px; text-rendering: optimizespeed; font-size: 1.25em; font-family: Inter, sans-serif; letter-spacing: normal; text-align: justify;"><span class="ez-toc-section" id="Buoc_1_So_che_thit" ez-toc-data-id="#Buoc_1_So_che_thit" style="box-sizing: border-box; -webkit-box-decoration-break: clone;"></span>Bước 1: Sơ chế thịt<span class="ez-toc-section-end" style="box-sizing: border-box; -webkit-box-decoration-break: clone;"></span></h3><h2 style="box-sizing: border-box; color: rgb(10, 10, 10); width: 1050px; text-rendering: optimizespeed; font-size: 1.6em; line-height: 1.3; font-family: Inter, sans-serif; letter-spacing: normal; text-align: justify;"><p style="box-sizing: border-box; margin-bottom: 1.3em; font-size: 15px; font-weight: 400;">Phần thịt lợn sau khi mua về, đem rửa sạch sau đó cắt mỏng thành những miếng vừa ăn. Cho thịt vào một chiếc tô lớn, nêm vào thịt 2 thìa canh muối sau đó đổ nước vào sao cho ngập miếng thịt. Ngâm trong khoảng 10 phút để loại bỏ hết phần máu tanh trong thịt. Đồng thời giúp thịt được mềm ngon hơn. Sau 10 phút, vớt thịt ra, để cho ráo nước.</p><p style="box-sizing: border-box; margin-bottom: 1.3em; font-size: 15px; font-weight: 400;">Sau khi thịt đã khô, có thể dùng búa dằn thịt hoặc có thể dùng dao để dằn mặt thịt cho mềm. Nếu bạn chọn thịt làm cơm tấm là thịt cốt lết, sau khi dằn xong. Cắt bỏ 2 đường nhỏ ở rìa mỡ để khi nướng, miếng thịt sẽ không bị rút lại. Còn nếu bạn sử dụng loại thịt nạc dăm, lấy kéo nhấp 3-4 đường vào những gỗ gân trắng trên miếng thịt.</p></h2><h3 style="box-sizing: border-box; color: rgb(10, 10, 10); width: 1050px; text-rendering: optimizespeed; font-size: 1.25em; font-family: Inter, sans-serif; letter-spacing: normal; text-align: justify;"><span class="ez-toc-section" id="Buoc_2_Lam_sot_uop_thit_nuong" ez-toc-data-id="#Buoc_2_Lam_sot_uop_thit_nuong" style="box-sizing: border-box; -webkit-box-decoration-break: clone;"></span>Bước 2: Làm sốt ướp thịt nướng<span class="ez-toc-section-end" style="box-sizing: border-box; -webkit-box-decoration-break: clone;"></span></h3><h2 style="box-sizing: border-box; color: rgb(10, 10, 10); width: 1050px; text-rendering: optimizespeed; font-size: 1.6em; line-height: 1.3; font-family: Inter, sans-serif; letter-spacing: normal; text-align: justify;"><p style="box-sizing: border-box; margin-bottom: 1.3em; font-size: 15px; font-weight: 400;">Đặt lên bếp một chiếc chảo, bật lửa vừa. Cho vào chảo một thìa canh đường, dùng đũa khuấy đều để đường tan hết ra. Khi đường đã tan hết, thấy khói bốc lên từ chảo thì cho vào chảo khoảng 3 thìa canh nước lọc. Tiếp tục đun cho đến khi thấy đường chuyển sang màu cánh gián thì tắt bếp.</p><p style="box-sizing: border-box; margin-bottom: 1.3em; font-size: 15px; font-weight: 400;">Khi đường nguội, cho vào chảo khoảng ¼ thìa cà phê bột ngũ vị hương, nửa thìa cà phê tiêu đen xay nhuyễn, 1 thìa cà phê mì chính, nửa thìa canh hạt nêm, nửa thìa canh mạch nha, nửa thìa canh dầu hào, nửa thìa canh nước mắm, 1 thìa canh nước tương, 1 thìa canh mật ong, 1 thìa canh sữa đặc, 1 thìa canh màu dầu điều, 4 thìa canh dầu ăn. Khuấy đều để cho các loại gia vị được tan hết và trộn đều vào nhau. Sau khi hỗn hợp đã tan hết, nếm lại, nếu chưa ưng có thể nêm nếm thêm sao cho phù hợp với khẩu vị gia đình.</p></h2><h3 style="box-sizing: border-box; color: rgb(10, 10, 10); width: 1050px; text-rendering: optimizespeed; font-size: 1.25em; font-family: Inter, sans-serif; letter-spacing: normal; text-align: justify;"><span class="ez-toc-section" id="Buoc_3_Uop_thit_com_tam" ez-toc-data-id="#Buoc_3_Uop_thit_com_tam" style="box-sizing: border-box; -webkit-box-decoration-break: clone;"></span>Bước 3: Ư<span data-sheets-value="{&quot;1&quot;:2,&quot;2&quot;:&quot;ướp thịt cơm tấm&quot;}" data-sheets-userformat="{&quot;2&quot;:1,&quot;3&quot;:{&quot;1&quot;:0}}" style="box-sizing: border-box; -webkit-box-decoration-break: clone;">ớp thịt cơm tấm</span><span class="ez-toc-section-end" style="box-sizing: border-box; -webkit-box-decoration-break: clone;"></span></h3><h2 style="box-sizing: border-box; color: rgb(10, 10, 10); width: 1050px; text-rendering: optimizespeed; font-size: 1.6em; line-height: 1.3; font-family: Inter, sans-serif; letter-spacing: normal; text-align: justify;"><p style="box-sizing: border-box; margin-bottom: 1.3em; font-size: 15px; font-weight: 400;">Cho hết phần thịt đã dằn vào một chiếc chậu, hay chiếc tô lớn. Dập dập các loại hành tỏi, sả vào ướp cùng. Đổ phần nước sốt vừa pha vào và trộn đều sao cho thịt ngấm đều gia vị. Và ¼ quả cam đã chuẩn bị, đem vắt nước sau đó cho vào thịt và tiếp tục trộn đều. Sau đó, bọc màng bọc, cho thịt vào tủ lạnh, chờ khoảng 1-2 tiếng cho ngấm gia vị rồi đem đi nướng. Tuy nhiên, nếu không có thời gian, bạn có thể đem thịt đi nướng ngay đều được.</p></h2><h3 style="box-sizing: border-box; color: rgb(10, 10, 10); width: 1050px; text-rendering: optimizespeed; font-size: 1.25em; font-family: Inter, sans-serif; letter-spacing: normal; text-align: justify;"><span class="ez-toc-section" id="Buoc_4_Nuong_thit" ez-toc-data-id="#Buoc_4_Nuong_thit" style="box-sizing: border-box; -webkit-box-decoration-break: clone;"></span>Bước 4: Nướng thịt</h3><h2 style="box-sizing: border-box; color: rgb(10, 10, 10); width: 1050px; text-rendering: optimizespeed; font-size: 1.6em; line-height: 1.3; font-family: Inter, sans-serif; letter-spacing: normal; text-align: justify;"><p style="box-sizing: border-box; margin-bottom: 1.3em; font-size: 15px; font-weight: 400;">Trước khi nướng thịt, để thịt thơm ngon và không bị cháy. Bạn hãy nhóm than hoa trước, vỉ nướng đem đi phết dầu. Khi than cháy đều, hơi tàn một chút thì cho thịt lên vỉ bắt đầu nướng. Trong quá trình nướng thịt, bạn cần trở mặt thịt liên tục để tránh tình trạng thịt bị cháy xém.</p><p style="box-sizing: border-box; margin-bottom: 1.3em; font-size: 15px; font-weight: 400;">Khi thịt nướng bắt đầu ngả vàng, dùng cọ quét nước thịt còn lại trong thau để thịt mềm ẩm hơn. Khi thấy bề mặt thịt bắt đầu hơi xém, khô hết phần nước sốt thịt vừa ướp thì gắp thịt ra đĩa. Nếu bạn chưa thưởng thức ngay, có thể để thịt vào trong thùng đá để thịt được nóng và thơm ngon hơn.</p></h2>', NULL, '2023-10-22 21:27:19', '2023-12-06 14:19:36'),
	(12, 'Cách làm nước mắm cơm tấm sánh kẹo ăn ngon khó cưỡng nổi', '12.jpg', 'Khi nhắc đến những món ẩm thực làm thực khách năm châu nức lòng khi đến Việt Nam, hẳn ta không thể bỏ qua được món cơm tấm. Đặc biệt, đây cũng là món ăn chính của dân văn phòng hoặc người làm ở nhiều lĩnh vực khác. Bởi khi ăn vừa chắc bụng, no lâu, hương vị khỏi chê vào đâu được. Ăn kèm cùng nước mắm sền sệt, tuyệt vời không còn gì bằng. Hôm nay Cơm tấm Hướng Dương bật mí cách làm nước mắm cơm tấm chuẩn bị nhé!', '<h2 style="box-sizing: border-box; color: rgb(10, 10, 10); width: 1050px; text-rendering: optimizespeed; font-size: 1.6em; line-height: 1.3; font-family: Inter, sans-serif; letter-spacing: normal; text-align: justify;">Nước mắm cơm tấm<span class="ez-toc-section-end" style="box-sizing: border-box; -webkit-box-decoration-break: clone;"></span></h2><p style="box-sizing: border-box; margin-bottom: 1.3em; color: rgb(10, 10, 10); font-family: Inter, sans-serif; font-size: 15px; text-align: justify;">Cơm tấm được biết đến là món ăn thường ngày, đặc sản tại Việt Nam. Yếu tố góp phần thành công cho món cơm tấm một cách rộng rãi. Như vậy không điều gì khác ngoài nước mắm ăn cơm tấm, kèo kẹo, sền sệt, chua chua, ngọt ngọt, mặn mặn, có thể nói là không gì có thể cưỡng lại được. Và ngay trong nội dung tiếp theo sau đây, Cơm tấm Hướng Dương sẽ hướng dẫn bạn công thức nước mắm cơm tấm ngay tại nhà nhé!</p><h2 style="box-sizing: border-box; color: rgb(10, 10, 10); width: 1050px; text-rendering: optimizespeed; font-size: 1.6em; line-height: 1.3; font-family: Inter, sans-serif; letter-spacing: normal; text-align: justify;"><span class="ez-toc-section" id="Nguyen_lieu_lam_nuoc_mam_com_tam" ez-toc-data-id="#Nguyen_lieu_lam_nuoc_mam_com_tam" style="box-sizing: border-box; -webkit-box-decoration-break: clone;"></span>Nguyên liệu làm nước mắm cơm tấm<span class="ez-toc-section-end" style="box-sizing: border-box; -webkit-box-decoration-break: clone;"></span></h2><p style="box-sizing: border-box; margin-bottom: 1.3em; color: rgb(10, 10, 10); font-family: Inter, sans-serif; font-size: 15px; text-align: justify;">Công thức&nbsp;<span style="box-sizing: border-box; font-weight: bolder;">làm nước mắm cơm tấm</span>&nbsp;không thể thiếu các nguyên liệu được kể dưới đây:</p><ul style="box-sizing: border-box; list-style-position: initial; list-style-image: initial; margin-bottom: 1.3em; color: rgb(10, 10, 10); font-family: Inter, sans-serif; font-size: 15px; text-align: justify;"><li aria-level="1" style="box-sizing: border-box; margin-bottom: 0.6em; margin-left: 1.3em;">2 muỗng canh nước mắm</li><li aria-level="1" style="box-sizing: border-box; margin-bottom: 0.6em; margin-left: 1.3em;">1 muỗng canh nước lọc</li><li aria-level="1" style="box-sizing: border-box; margin-bottom: 0.6em; margin-left: 1.3em;">1 muỗng canh đường</li><li aria-level="1" style="box-sizing: border-box; margin-bottom: 0.6em; margin-left: 1.3em;">Nước cốt chanh</li><li aria-level="1" style="box-sizing: border-box; margin-bottom: 0.6em; margin-left: 1.3em;">Nửa muỗng canh tỏi băm nhuyễn</li><li aria-level="1" style="box-sizing: border-box; margin-bottom: 0.6em; margin-left: 1.3em;">Nửa muỗng canh bột năng</li></ul><p style="box-sizing: border-box; margin-bottom: 1.3em; color: rgb(10, 10, 10); font-family: Inter, sans-serif; font-size: 15px; text-align: justify;">Tùy theo số lượng người ăn cũng như sở thích cá nhân mà bạn có thể thay đổi số lượng những nguyên liệu kể trên. Ví dụ như, bạn là người thích chua và ngọt hơn, có thể tăng lượng nước cốt chanh và đường khi bỏ vào.</p><h2 style="box-sizing: border-box; color: rgb(10, 10, 10); width: 1050px; text-rendering: optimizespeed; font-size: 1.6em; line-height: 1.3; font-family: Inter, sans-serif; letter-spacing: normal; text-align: justify;"><span class="ez-toc-section" id="Cach_lam_nuoc_mam_com_tam_thom_ngon_sanh_keo" ez-toc-data-id="#Cach_lam_nuoc_mam_com_tam_thom_ngon_sanh_keo" style="box-sizing: border-box; -webkit-box-decoration-break: clone;"></span>Cách làm nước mắm cơm tấm thơm ngon sánh kẹo</h2><p style="box-sizing: border-box; margin-bottom: 1.3em; color: rgb(10, 10, 10); font-family: Inter, sans-serif; font-size: 15px; text-align: justify;">Ngay sau đây, Cơm tấm Hướng Dương sẽ hướng dẫn cách làm&nbsp;<span style="box-sizing: border-box; font-weight: bolder;">nước mắm ăn cơm tấm</span>&nbsp;khi bạn đã chuẩn bị xong hết các nguyên liệu kể trên:</p><ul style="box-sizing: border-box; list-style-position: initial; list-style-image: initial; margin-bottom: 1.3em; color: rgb(10, 10, 10); font-family: Inter, sans-serif; font-size: 15px; text-align: justify;"><li aria-level="1" style="box-sizing: border-box; margin-bottom: 0.6em; margin-left: 1.3em;">Đầu tiên, bạn cần cho nước lọc vào chén (tô). Lấy đường thêm vào, sau đó khuấy, đảo đều lên, khi thấy đường tan hết là đạt yêu cầu.</li><li aria-level="1" style="box-sizing: border-box; margin-bottom: 0.6em; margin-left: 1.3em;">Tiếp theo, lấy nước mắm thêm vào, lần lượt đổ nước cốt chanh, khuấy đều cho tất cả hòa quyện vào nhau.</li><li aria-level="1" style="box-sizing: border-box; margin-bottom: 0.6em; margin-left: 1.3em;">Còn lại tỏi băm, ớt băm nhuyễn cũng cho luôn vào chén nước mắm. Nếu bạn ăn cay hơn hoặc không thích tỏi, có thể bớt tỏi và cho thêm ớt vào chén nước mắm. Cần canh thế nào để tất cả được hòa quyện vào nhau.</li><li aria-level="1" style="box-sizing: border-box; margin-bottom: 0.6em; margin-left: 1.3em;">Tiếp đến, bạn lấy bột năng nấu với một chút nước sôi nóng. Khuấy đều cho hỗn hợp này được sánh và lỏng ra, sau đó để nguội.</li><li aria-level="1" style="box-sizing: border-box; margin-bottom: 0.6em; margin-left: 1.3em;">Bạn từ từ đổ trộn hai dung dịch nước mắm, đường chanh, bột năng vào nhau. Sau đó khuấy đều cho đến chúng hoà vào nhau, tạo được độ sánh như ý nhất.</li></ul><p style="box-sizing: border-box; margin-bottom: 1.3em; color: rgb(10, 10, 10); font-family: Inter, sans-serif; font-size: 15px; text-align: justify;">Cách làm&nbsp;<span style="box-sizing: border-box; font-weight: bolder;">nước mắm cơm tấm</span>&nbsp;ngon thật sự không khó. Cái khó ở đây là vấn đề canh như thế nào để nước mắm được vừa khẩu vị của bạn và các thành viên trong gia đình. Bởi sẽ có người thích ăn mặn, có người lại thích ngọt hơn, có người lại thích cay hơn.</p><h2 style="box-sizing: border-box; color: rgb(10, 10, 10); width: 1050px; text-rendering: optimizespeed; font-size: 1.6em; line-height: 1.3; font-family: Inter, sans-serif; letter-spacing: normal; text-align: justify;"><span class="ez-toc-section" id="Luu_y_truoc_khi_lam_nuoc_mam_an_com_tam" ez-toc-data-id="#Luu_y_truoc_khi_lam_nuoc_mam_an_com_tam" style="box-sizing: border-box; -webkit-box-decoration-break: clone;"></span>Lưu ý trước khi làm nước mắm ăn cơm tấm<span class="ez-toc-section-end" style="box-sizing: border-box; -webkit-box-decoration-break: clone;"></span></h2><p style="box-sizing: border-box; margin-bottom: 1.3em; color: rgb(10, 10, 10); font-family: Inter, sans-serif; font-size: 15px; text-align: justify;">Trong cách làm nước mắm kẹo ăn cơm tấm bạn cũng cần chú ý một số điểm sau. Để món cơm tấm của mình được hoàn hảo nhé:</p><ul style="box-sizing: border-box; list-style-position: initial; list-style-image: initial; margin-bottom: 1.3em; color: rgb(10, 10, 10); font-family: Inter, sans-serif; font-size: 15px; text-align: justify;"><li aria-level="1" style="box-sizing: border-box; margin-bottom: 0.6em; margin-left: 1.3em;">Thứ tự&nbsp;<span data-sheets-value="{&quot;1&quot;:2,&quot;2&quot;:&quot;pha nước mắm cơm tấm&quot;}" data-sheets-userformat="{&quot;2&quot;:1,&quot;3&quot;:{&quot;1&quot;:0}}" style="box-sizing: border-box;">pha nước mắm cơm tấm</span>&nbsp;cần thực hiện như trên. Để tránh việc tỏi ớt bị nổ lên đênh lên phía trên mặt của chén nước mắm. Nếu tỏi, ớt tự băm sẽ làm chén nước mắm thêm phần hấp dẫn và ngon, đẹp mắt hơn nữa.</li><li aria-level="1" style="box-sizing: border-box; margin-bottom: 0.6em; margin-left: 1.3em;">Để nước mắm chuẩn vị nhất, nên ưu tiên lựa chọn nước mắm truyền thống, có độ đạm cao.</li><li aria-level="1" style="box-sizing: border-box; margin-bottom: 0.6em; margin-left: 1.3em;">Khi đã hoàn tất các bước pha nước mắm, mà bạn vẫn chưa ưng ý lắm với món mình làm. Mà muốn tăng thêm độ chua, ngọt hoặc mặn, thì lưu ý là không nên cho trực tiếp vào chén nước mắm, mà nên pha riêng nhé. Như vậy sẽ không làm mất vị nguyên bản của chén nước mắm.</li></ul><p style="box-sizing: border-box; margin-bottom: 1.3em; color: rgb(10, 10, 10); font-family: Inter, sans-serif; font-size: 15px; text-align: justify;">Chỉ cần vài bước đơn giản là bạn đã có ngay cho mình một chén nước mắm đậm vị rồi đúng không nào. Nước mắm ngon không ở đâu xa, nước mắm ngon ở ngay tại nhà và do chính tay bạn làm ra.</p><h2 style="box-sizing: border-box; color: rgb(10, 10, 10); width: 1050px; text-rendering: optimizespeed; font-size: 1.6em; line-height: 1.3; font-family: Inter, sans-serif; letter-spacing: normal; text-align: justify;"><span class="ez-toc-section" id="Den_An_Giang_an_com_tam_o_dau_ngon" ez-toc-data-id="#Den_An_Giang_an_com_tam_o_dau_ngon" style="box-sizing: border-box; -webkit-box-decoration-break: clone;"></span>Đến An Giang ăn cơm tấm ở đâu ngon?</h2><p style="box-sizing: border-box; margin-bottom: 1.3em; color: rgb(10, 10, 10); font-family: Inter, sans-serif; font-size: 15px; text-align: justify;">Cách làm nước mắm cơm tấm ở phía trên là công thức gợi ý cho bạn thực hiện mỗi khi có thời gian rảnh tại nhà. Còn nếu đi đến Long Xuyên, An Giang thì ăn cơm tấm ở đâu ngon trứ danh vậy ta? Bạn hãy nhanh tay lấy giấy bút lưu lại ngay địa chỉ tại 20-22-24 Phan Đình Phùng, Mỹ Long TP Long Xuyên, An Giang nhé. Quán cơm tấm đã có mặt lâu đời tại đây, hương vị được thực khách gần xa khen nức nở.</p><p style="box-sizing: border-box; margin-bottom: 1.3em; color: rgb(10, 10, 10); font-family: Inter, sans-serif; font-size: 15px; text-align: justify;">Bên cạnh đó, thì Cơm tấm Hướng Dương còn có các dịch vụ đặt cơm trưa văn phòng hay dịch vụ nấu cỗ thuê. Cam kết về vệ sinh an toàn thực phẩm, những nguyên liệu được chọn lọc một cách kỹ càng nhất. Mang đến món ăn không chỉ ngon về hương vị bên trong mà còn phải đảm bảo được hình thức bên ngoài.</p><p style="box-sizing: border-box; margin-bottom: 1.3em; color: rgb(10, 10, 10); font-family: Inter, sans-serif; font-size: 15px; text-align: justify;">Hãy một lần ghé lại nơi đây nhé!</p>', NULL, '2023-10-22 21:27:19', '2023-12-06 14:19:36'),
	(13, 'Cách làm bì cơm tấm đơn giản ngon tại nhà', '13.jpg', 'Cơm tấm là một trong những món ăn được rất nhiều người yêu thích hiện nay. Một đĩa cơm tấm ngon, tròn vị thì không thể thiếu một loại topping đi kèm đó là bì cơm tấm. Bì cơm tấm là gì? Cách làm bì cơm tấm tại nhà như thế nào? Cần chuẩn bị những nguyên liệu gì? Mời các bạn cùng theo dõi bài viết dưới đây nhé!', '<h2 style="box-sizing: border-box; color: rgb(10, 10, 10); width: 1050px; text-rendering: optimizespeed; font-size: 1.6em; line-height: 1.3; font-family: Inter, sans-serif; letter-spacing: normal; text-align: justify;"><span style="box-sizing: border-box; -webkit-box-decoration-break: clone; font-weight: 400;">Bì cơm tấm là gì?</span><span class="ez-toc-section-end" style="box-sizing: border-box; -webkit-box-decoration-break: clone;"></span></h2><h2 style="box-sizing: border-box; color: rgb(10, 10, 10); width: 1050px; text-rendering: optimizespeed; font-size: 1.6em; line-height: 1.3; font-family: Inter, sans-serif; letter-spacing: normal; text-align: justify;"><p style="box-sizing: border-box; margin-bottom: 1.3em; font-size: 15px; font-weight: 400;"><span style="box-sizing: border-box;">Bì cơm tấm là một trong những loại topping đi kèm để món cơm tấm được thơm ngon, tròn vị. Loại topping này sẽ được làm từ 3 loại nguyên liệu chính: bì heo, thịt heo và thính gạo. Bì được làm từ da heo, đem đun sôi cho hết lớp mỡ, cắt thành nhiều sợi nhỏ, vắt cho ráo nước. Sau đó đem trộn cùng với thịt heo luộc thái sợi và thính gạo hoặc thính ngô. Khi ăn sẽ cảm thấy dai giòn sần sật, thơm mùi thính. Kết hợp ăn cùng cơm tấm sẽ tạo nên một hương vị thơm ngon khó cưỡng.</span></p></h2><h2 style="box-sizing: border-box; color: rgb(10, 10, 10); width: 1050px; text-rendering: optimizespeed; font-size: 1.6em; line-height: 1.3; font-family: Inter, sans-serif; letter-spacing: normal; text-align: justify;"><span class="ez-toc-section" id="Nguyen_lieu_chuan_bi_lam_bi_com_tam" ez-toc-data-id="#Nguyen_lieu_chuan_bi_lam_bi_com_tam" style="box-sizing: border-box; -webkit-box-decoration-break: clone;"></span><span style="box-sizing: border-box; -webkit-box-decoration-break: clone; font-weight: 400;">Nguyên liệu chuẩn bị làm bì cơm tấm</span><span class="ez-toc-section-end" style="box-sizing: border-box; -webkit-box-decoration-break: clone;"></span></h2><h2 style="box-sizing: border-box; color: rgb(10, 10, 10); width: 1050px; text-rendering: optimizespeed; font-size: 1.6em; line-height: 1.3; font-family: Inter, sans-serif; letter-spacing: normal; text-align: justify;"><p style="box-sizing: border-box; margin-bottom: 1.3em; font-size: 15px; font-weight: 400;"><span style="box-sizing: border-box;">Để một đĩa cơm tấm được thơm ngon, tròn vị nhất, bên cạnh các loại đồ ăn đi kèm. Như: sườn nướng, chả bì, đồ chua thì bì heo là loại topping không thể thiếu. Cách làm bì cơm tấm vô cùng đơn giản, bạn có thể tự làm tại nhà để có thể thưởng thức. Để làm bì cơm tấm, bạn cần chuẩn bị đầy đủ các nguyên liệu sau đây:</span></p><ul style="box-sizing: border-box; list-style-position: initial; list-style-image: initial; margin-bottom: 1.3em; font-size: 15px; font-weight: 400;"><li aria-level="1" style="box-sizing: border-box; margin-bottom: 0.6em; margin-left: 1.3em;"><span style="box-sizing: border-box;">150gram da heo tươi, nên chọn da heo ở phần lưng để da giòn hơn</span></li><li aria-level="1" style="box-sizing: border-box; margin-bottom: 0.6em; margin-left: 1.3em;"><span style="box-sizing: border-box;">500 gram thịt đùi heo có thể là thịt đùi hoặc bằng phần thịt mông hoặc thịt vai.</span></li><li aria-level="1" style="box-sizing: border-box; margin-bottom: 0.6em; margin-left: 1.3em;"><span style="box-sizing: border-box;">Tỏi băm nhuyễn</span></li><li aria-level="1" style="box-sizing: border-box; margin-bottom: 0.6em; margin-left: 1.3em;"><span style="box-sizing: border-box;">Dầu hào</span></li><li aria-level="1" style="box-sizing: border-box; margin-bottom: 0.6em; margin-left: 1.3em;"><span style="box-sizing: border-box;">200ml nước dừa tươi</span></li><li aria-level="1" style="box-sizing: border-box; margin-bottom: 0.6em; margin-left: 1.3em;"><span style="box-sizing: border-box;">150gram thính gạo</span></li><li aria-level="1" style="box-sizing: border-box; margin-bottom: 0.6em; margin-left: 1.3em;"><span style="box-sizing: border-box;">Các loại gia vị khác như: muối, đường, nước mắm, dầu hào, tiêu đen xay nhuyễn.</span></li></ul></h2><h2 style="box-sizing: border-box; color: rgb(10, 10, 10); width: 1050px; text-rendering: optimizespeed; font-size: 1.6em; line-height: 1.3; font-family: Inter, sans-serif; letter-spacing: normal; text-align: justify;"><span class="ez-toc-section" id="Cach_lam_bi_com_tam_thom_ngon_tai_nha" ez-toc-data-id="#Cach_lam_bi_com_tam_thom_ngon_tai_nha" style="box-sizing: border-box; -webkit-box-decoration-break: clone;"></span><span style="box-sizing: border-box; -webkit-box-decoration-break: clone; font-weight: 400;">Cách làm bì cơm tấm thơm ngon tại nhà</span><span class="ez-toc-section-end" style="box-sizing: border-box; -webkit-box-decoration-break: clone;"></span></h2><h2 style="box-sizing: border-box; color: rgb(10, 10, 10); width: 1050px; text-rendering: optimizespeed; font-size: 1.6em; line-height: 1.3; font-family: Inter, sans-serif; letter-spacing: normal; text-align: justify;"><p style="box-sizing: border-box; margin-bottom: 1.3em; font-size: 15px; font-weight: 400;"><span style="box-sizing: border-box;">Dưới đây là hướng dẫn chi tiết cách làm bì cơm tấm thơm ngon, chuẩn vị tại nhà mà ai cũng có thể thực hiện:</span></p></h2><h2 style="box-sizing: border-box; color: rgb(10, 10, 10); width: 1050px; text-rendering: optimizespeed; font-size: 1.6em; line-height: 1.3; font-family: Inter, sans-serif; letter-spacing: normal; text-align: justify;"><span class="ez-toc-section" id="Che_bien_thit_heo_chien" ez-toc-data-id="#Che_bien_thit_heo_chien" style="box-sizing: border-box; -webkit-box-decoration-break: clone;"></span><span style="box-sizing: border-box; -webkit-box-decoration-break: clone; font-weight: 400;">Chế biến thịt heo chiên</span><span class="ez-toc-section-end" style="box-sizing: border-box; -webkit-box-decoration-break: clone;"></span></h2><h2 style="box-sizing: border-box; color: rgb(10, 10, 10); width: 1050px; text-rendering: optimizespeed; font-size: 1.6em; line-height: 1.3; font-family: Inter, sans-serif; letter-spacing: normal; text-align: justify;"><ul style="box-sizing: border-box; list-style-position: initial; list-style-image: initial; margin-bottom: 1.3em; font-size: 15px; font-weight: 400;"><li aria-level="1" style="box-sizing: border-box; margin-bottom: 0.6em; margin-left: 1.3em;"><span style="box-sizing: border-box;">Phần thịt heo sau khi mua về, bạn đem rửa sạch với nước muối loãng để loại bỏ hết bụi bẩn và vi khuẩn. Khi rửa, bạn nên cho vào thau nước muối một vài lát gừng đập dập, thêm rượu để loại bỏ mùi hôi của thịt.&nbsp;</span></li><li aria-level="1" style="box-sizing: border-box; margin-bottom: 0.6em; margin-left: 1.3em;"><span style="box-sizing: border-box;">Rửa lại một lần nữa với nước sạch rồi vớt thịt ra để ráo</span></li><li aria-level="1" style="box-sizing: border-box; margin-bottom: 0.6em; margin-left: 1.3em;"><span style="box-sizing: border-box;">Dùng khăn giấy để thấm khô thịt. Để thịt nguyên miếng, không thái, ướp thịt với công thức sau: 1 thìa cà phê đường, 1 thìa cà phê tiêu, 2 thìa cà phê tỏi băm và 2 thìa cà phê dầu hào</span></li><li aria-level="1" style="box-sizing: border-box; margin-bottom: 0.6em; margin-left: 1.3em;"><span style="box-sizing: border-box;">Xoa đều các loại gia vị trên vào các mặt của thịt sau đó mát – xa nhẹ nhàng khoảng 2 phút để thịt ngấm đều các gia vị. Ướp thịt thêm khoảng 15-20 phút nữa</span></li><li aria-level="1" style="box-sizing: border-box; margin-bottom: 0.6em; margin-left: 1.3em;"><span style="box-sizing: border-box;">Đặt chảo lên bếp, cho vào chảo một lượng dầu ăn vừa đủ. Cho thịt vào chiên sau cho thịt chín và vàng đều 2 mặt.</span></li><li aria-level="1" style="box-sizing: border-box; margin-bottom: 0.6em; margin-left: 1.3em;"><span style="box-sizing: border-box;">Khi thịt chín, bạn hãy đổ bớt dầu ra một chiếc bát con khác. Cho thêm 200ml nước dừa đã chuẩn bị vào đun sôi cùng trong khoảng 20-15 phút. Khi đun, không để lửa lớn, bật lửa ở mức liu riu để thịt được mềm, thơm ngon, ngấm vị ngọt và thơm của nước dừa.</span></li><li aria-level="1" style="box-sizing: border-box; margin-bottom: 0.6em; margin-left: 1.3em;"><span style="box-sizing: border-box;">Sau 25 phút thì tắt bếp, thái thịt mỏng thành những miếng vừa ăn. Sợi mảnh và dài khoảng 6-8 cm để lát nữa đem trộn cùng bì và thính gạo.</span></li></ul></h2><h3 style="box-sizing: border-box; color: rgb(10, 10, 10); width: 1050px; text-rendering: optimizespeed; font-size: 1.25em; font-family: Inter, sans-serif; letter-spacing: normal; text-align: justify;"><span class="ez-toc-section" id="So_che_va_lam_bi_com_tam" ez-toc-data-id="#So_che_va_lam_bi_com_tam" style="box-sizing: border-box; -webkit-box-decoration-break: clone;"></span><span style="box-sizing: border-box; -webkit-box-decoration-break: clone; font-weight: 400;">Sơ chế và làm bì cơm tấm</span><span class="ez-toc-section-end" style="box-sizing: border-box; -webkit-box-decoration-break: clone;"></span></h3><h2 style="box-sizing: border-box; color: rgb(10, 10, 10); width: 1050px; text-rendering: optimizespeed; font-size: 1.6em; line-height: 1.3; font-family: Inter, sans-serif; letter-spacing: normal; text-align: justify;"><ul style="box-sizing: border-box; list-style-position: initial; list-style-image: initial; margin-bottom: 1.3em; font-size: 15px; font-weight: 400;"><li aria-level="1" style="box-sizing: border-box; margin-bottom: 0.6em; margin-left: 1.3em;"><span style="box-sizing: border-box;">Phần bì sau khi mua về cũng đem cạo sạch lông, dùng dao để lạc bỏ hết phần mỡ còn sót lại. Sau đó đem rửa sạch với nước muối loãng, gừng và rượu để khử mùi hôi</span></li><li aria-level="1" style="box-sizing: border-box; margin-bottom: 0.6em; margin-left: 1.3em;"><span style="box-sizing: border-box;">Bắc lên bếp một nồi nước, cho da heo vào luộc cùng, nêm vào nồi khoảng nửa thìa cà phê muối.</span></li><li aria-level="1" style="box-sizing: border-box; margin-bottom: 0.6em; margin-left: 1.3em;"><span style="box-sizing: border-box;">Da heo sau khi chín sẽ săn lại, đổi từ màu trắng sang màu nâu nhạt. Vớt ra heo ra, ngâm vào trong một thau nước đá lạnh để bì heo được giòn, khi thái cũng dễ hơn.</span></li><li aria-level="1" style="box-sizing: border-box; margin-bottom: 0.6em; margin-left: 1.3em;"><span style="box-sizing: border-box;">Sau khi ngâm xong, vớt thịt heo ra, thấm sạch nước rồi cắt da heo thành từng sợi nhỏ sao cho vừa ăn.</span></li></ul></h2><h3 style="box-sizing: border-box; color: rgb(10, 10, 10); width: 1050px; text-rendering: optimizespeed; font-size: 1.25em; font-family: Inter, sans-serif; letter-spacing: normal; text-align: justify;"><span class="ez-toc-section" id="Tron_bi_heo_an_cung_com_tam" ez-toc-data-id="#Tron_bi_heo_an_cung_com_tam" style="box-sizing: border-box; -webkit-box-decoration-break: clone;"></span><span style="box-sizing: border-box; -webkit-box-decoration-break: clone; font-weight: 400;">Trộn bì heo ăn cùng cơm tấm</span><span class="ez-toc-section-end" style="box-sizing: border-box; -webkit-box-decoration-break: clone;"></span></h3><h2 style="box-sizing: border-box; color: rgb(10, 10, 10); width: 1050px; text-rendering: optimizespeed; font-size: 1.6em; line-height: 1.3; font-family: Inter, sans-serif; letter-spacing: normal; text-align: justify;"><ul style="box-sizing: border-box; list-style-position: initial; list-style-image: initial; margin-bottom: 1.3em; font-size: 15px; font-weight: 400;"><li aria-level="1" style="box-sizing: border-box; margin-bottom: 0.6em; margin-left: 1.3em;"><span style="box-sizing: border-box;">Phần bì heo và thịt heo sau khi thái mỏng, đem trộn cùng với các loại gia vị sau: 1 thìa cà phê tỏi năm, 1 thìa cà phê hạt tiêu, nửa thìa cà phê bột tỏi, 2 thìa cà phê muối và 2 thìa cà phê đường</span></li><li aria-level="1" style="box-sizing: border-box; margin-bottom: 0.6em; margin-left: 1.3em;"><span style="box-sizing: border-box;">Trộn đều các loại gia vị trên cùng với thịt và bì heo sao cho ngấm vị. Sau đó cho thêm 150gram thính gạo vào trộn đều. Khi nào thấy bì và thịt heo bám đều thính. Có màu vàng đẹp thì dừng lại, cho ra đĩa và thưởng thức. Như vậy, chỉ với vài bước đơn giản, bạn đã làm xong một loại topping để ăn kèm với cơm tấm ngon nuốt lưỡi rồi.</span></li></ul></h2><h2 style="box-sizing: border-box; color: rgb(10, 10, 10); width: 1050px; text-rendering: optimizespeed; font-size: 1.6em; line-height: 1.3; font-family: Inter, sans-serif; letter-spacing: normal; text-align: justify;"><span class="ez-toc-section" id="Nhung_luu_y_khi_lam_bi_com_tam" ez-toc-data-id="#Nhung_luu_y_khi_lam_bi_com_tam" style="box-sizing: border-box; -webkit-box-decoration-break: clone;"></span><span style="box-sizing: border-box; -webkit-box-decoration-break: clone; font-weight: 400;">Những lưu ý khi làm bì cơm tấm</span><span class="ez-toc-section-end" style="box-sizing: border-box; -webkit-box-decoration-break: clone;"></span></h2><h2 style="box-sizing: border-box; color: rgb(10, 10, 10); width: 1050px; text-rendering: optimizespeed; font-size: 1.6em; line-height: 1.3; font-family: Inter, sans-serif; letter-spacing: normal; text-align: justify;"><p style="box-sizing: border-box; margin-bottom: 1.3em; font-size: 15px; font-weight: 400;"><span style="box-sizing: border-box;">Cách làm bì cơm tấm khá đơn giản, có thể dễ dàng thực hiện ngay tại nhà. Tuy nhiên, để món bì thơm ngon, không bị ướt, bạn cần chú ý một số vấn đề sau:</span></p><ul style="box-sizing: border-box; list-style-position: initial; list-style-image: initial; margin-bottom: 1.3em; font-size: 15px; font-weight: 400;"><li aria-level="1" style="box-sizing: border-box; margin-bottom: 0.6em; margin-left: 1.3em;"><span style="box-sizing: border-box;">Bì heo và thịt heo không nên luộc quá kỹ, khi ăn sẽ không có độ dai, giòn. Khi trộn cùng thính gạo sẽ giảm bớt đi độ ngon.</span></li><li aria-level="1" style="box-sizing: border-box; margin-bottom: 0.6em; margin-left: 1.3em;"><span style="box-sizing: border-box;">Khi luộc bì heo, nên dùng muối thay vì dùng hạt nêm. Các thành phần có trong hạt nêm sẽ khiến cho phần bì heo có mùi vị lạ, rất khó ăn</span></li><li aria-level="1" style="box-sizing: border-box; margin-bottom: 0.6em; margin-left: 1.3em;"><span style="box-sizing: border-box;">Không nên nêm nếm gia vị trộn quá mặn, nên nêm nếm vừa phải bởi cơm tấm khi ăn sẽ ăn cùng nước mắm. Nếu trộn quá tay sẽ khiến khi ăn cùng cơm sẽ bị mặn, không tròn vị</span></li><li aria-level="1" style="box-sizing: border-box; margin-bottom: 0.6em; margin-left: 1.3em;"><span style="box-sizing: border-box;">Thính gạo nên cho định lượng vừa đủ, cho quá ít sẽ khiến bì và thịt heo không bám đều thính, dễ bị ướt. Còn nếu cho quá nhiều sẽ khiến cho phần bì heo bị đắng, thành phẩm sẽ có màu vàng đậm, không bắt mắt.</span></li></ul></h2>', NULL, '2023-10-22 21:27:25', '2023-12-06 14:19:36'),
	(14, 'Hướng dẫn cách làm đồ chua ăn cơm tấm cực ngon chuẩn vị', '14.jpg', 'Bạn là một tín đồ của cơm tấm, bạn muốn tự mình nấu những đĩa cơm tấm ngon, chuẩn vị cho gia đình cùng thưởng thức. Tuy nhiên, bạn lại không biết cách chế biến các loại topping ăn kèm như đồ chua như thế nào. Đừng lo, bài viết dưới đây sẽ hướng dẫn chi tiết cách làm đồ chua ăn cơm tấm ngon nuốt lưỡi. Cùng theo dõi nhé!', '<h2 style="box-sizing: border-box; color: rgb(10, 10, 10); width: 1050px; text-rendering: optimizespeed; font-size: 1.6em; line-height: 1.3; font-family: Inter, sans-serif; letter-spacing: normal; text-align: justify;">Vì sao người Việt lại chuộng ăn cơm tấm kèm đồ chua<span class="ez-toc-section-end" style="box-sizing: border-box; -webkit-box-decoration-break: clone;"></span></h2><h2 style="box-sizing: border-box; color: rgb(10, 10, 10); width: 1050px; text-rendering: optimizespeed; font-size: 1.6em; line-height: 1.3; font-family: Inter, sans-serif; letter-spacing: normal; text-align: justify;"><p style="box-sizing: border-box; margin-bottom: 1.3em; font-size: 15px; font-weight: 400;">Người Hàn ăn cơm phải có các loại panchan đi kèm, những Nhật thì ăn cơm phải ăn cùng các loại gia vị hiện đại. Việt Nam cũng không ngoại lệ, cũng mang trong mình một nét văn hóa riêng. Với mỗi món ăn, người Việt lại có những món đồ ăn kèm không thể thiếu. Ăn cơm tấm thì không thể thiếu đồ muối chua.</p><p style="box-sizing: border-box; margin-bottom: 1.3em; font-size: 15px; font-weight: 400;">Cơm tấm là món ăn có sự kết hợp của nhiều loại topping khác nhau, trong đó không thể thiếu được sườn, chả, bì trộn, nộm đồ chua và nước mắm. Nếu thiếu một trong năm loại nguyên liệu trên, món cơm tấm khi ăn sẽ không được tròn vị. Đặc biệt, nếu thiếu đồ chua, món cơm tấm sẽ trở nên khô khan, nhiều dầu mỡ và khiến cho người thưởng thức bị mau ngán đồ ăn.</p><p style="box-sizing: border-box; margin-bottom: 1.3em; font-size: 15px; font-weight: 400;">Tùy thuộc vào từng địa phương, từng vùng miền mà món đồ chua ăn cùng với cơm tấm sẽ có sự khác nhau. Ở Sài Gòn, người dân hay ăn cơm tấm cùng với củ cải và cà tốt. Còn ở Hà Nội, người dân nơi đây thường ăn cơm tấm với dưa leo bóp muối chua.</p></h2><h2 style="box-sizing: border-box; color: rgb(10, 10, 10); width: 1050px; text-rendering: optimizespeed; font-size: 1.6em; line-height: 1.3; font-family: Inter, sans-serif; letter-spacing: normal; text-align: justify;"><span class="ez-toc-section" id="Cach_lam_do_chua_an_com_tam_ngon_hap_dan" ez-toc-data-id="#Cach_lam_do_chua_an_com_tam_ngon_hap_dan" style="box-sizing: border-box; -webkit-box-decoration-break: clone;"></span>Cách làm đồ chua ăn cơm tấm ngon hấp dẫn<span class="ez-toc-section-end" style="box-sizing: border-box; -webkit-box-decoration-break: clone;"></span></h2><h2 style="box-sizing: border-box; color: rgb(10, 10, 10); width: 1050px; text-rendering: optimizespeed; font-size: 1.6em; line-height: 1.3; font-family: Inter, sans-serif; letter-spacing: normal; text-align: justify;"><p style="box-sizing: border-box; margin-bottom: 1.3em; font-size: 15px; font-weight: 400;">Dưới đây là hướng dẫn chi tiết cách làm đồ chua ăn cơm tấm chất lượng, mang hương vị chuẩn để ăn cùng với cơm tấm mà bạn có thể tham khảo:</p></h2><h3 style="box-sizing: border-box; color: rgb(10, 10, 10); width: 1050px; text-rendering: optimizespeed; font-size: 1.25em; font-family: Inter, sans-serif; letter-spacing: normal; text-align: justify;"><span class="ez-toc-section" id="Ca_rot_va_cu_cai" ez-toc-data-id="#Ca_rot_va_cu_cai" style="box-sizing: border-box; -webkit-box-decoration-break: clone;"></span>Cà rốt và củ cải<span class="ez-toc-section-end" style="box-sizing: border-box; -webkit-box-decoration-break: clone;"></span></h3><h2 style="box-sizing: border-box; color: rgb(10, 10, 10); width: 1050px; text-rendering: optimizespeed; font-size: 1.6em; line-height: 1.3; font-family: Inter, sans-serif; letter-spacing: normal; text-align: justify;"><p style="box-sizing: border-box; margin-bottom: 1.3em; font-size: 15px; font-weight: 400;">Để làm món đồ chua này, bạn cần chuẩn bị các nguyên liệu sau:</p><ul style="box-sizing: border-box; list-style-position: initial; list-style-image: initial; margin-bottom: 1.3em; font-size: 15px; font-weight: 400;"><li aria-level="1" style="box-sizing: border-box; margin-bottom: 0.6em; margin-left: 1.3em;">Cà rốt: 1 củ</li><li aria-level="1" style="box-sizing: border-box; margin-bottom: 0.6em; margin-left: 1.3em;">Củ cải trắng: 1 củ</li><li aria-level="1" style="box-sizing: border-box; margin-bottom: 0.6em; margin-left: 1.3em;">Đường trắng: 50 gram</li><li aria-level="1" style="box-sizing: border-box; margin-bottom: 0.6em; margin-left: 1.3em;">Muối: 1 thìa cà phê</li><li aria-level="1" style="box-sizing: border-box; margin-bottom: 0.6em; margin-left: 1.3em;">Giấm gạo: 1 chai 200 ml</li><li aria-level="1" style="box-sizing: border-box; margin-bottom: 0.6em; margin-left: 1.3em;">Nước ấm: 150 ml</li></ul><p style="box-sizing: border-box; margin-bottom: 1.3em; font-size: 15px; font-weight: 400;">Cách làm đồ chua ăn cơm tấm từ củ cải và cà rốt như sau:</p><ul style="box-sizing: border-box; list-style-position: initial; list-style-image: initial; margin-bottom: 1.3em; font-size: 15px; font-weight: 400;"><li aria-level="1" style="box-sizing: border-box; margin-bottom: 0.6em; margin-left: 1.3em;">Cà rốt và củ cải rửa sạch, sau đó cạo sạch vỏ, rửa lại một lần nữa với nước rồi để ráo</li><li aria-level="1" style="box-sizing: border-box; margin-bottom: 0.6em; margin-left: 1.3em;">Nạo củ cải và cà rốt thành nhiều sợi nhỏ hoặc có thể nạo thành những thanh mỏng có kích thước bằng một ngón tay.</li><li aria-level="1" style="box-sizing: border-box; margin-bottom: 0.6em; margin-left: 1.3em;">Khi nạo xong, cho hết cà rốt và củ cải vào một chiếc thau lớn, sau đó thêm vào tô một thìa cà phê muối, 20 gram đường, trộn đều cho đến khi củ cải và cà rốt ngấm gia vị. Sau khoảng 10-20 phút, các nguyên liệu mềm ra, bẻ cong sẽ không bị gãy là được.</li><li aria-level="1" style="box-sizing: border-box; margin-bottom: 0.6em; margin-left: 1.3em;">Rửa lại củ cải, cà rốt với nước sạch, sau đó vớt ra để ráo nước.</li><li aria-level="1" style="box-sizing: border-box; margin-bottom: 0.6em; margin-left: 1.3em;">Trong lúc đo, pha nước ngâm đồ chua theo công thức như sau: 200ml giấm, 200ml nước, 30 gram đường. Sau đó khuấy đều cho đường tan hết ra cùng với dấm và nước.</li><li aria-level="1" style="box-sizing: border-box; margin-bottom: 0.6em; margin-left: 1.3em;">Chuẩn bị một hũ thủy tinh đã tiệt trùng, cho củ cải và cà rốt vào, sau đó đổ phần nước ngâm vừa chuẩn bị cho xâm xấp mặt cà rốt củ cải. Đóng nắp và ngâm khoảng 12-24 tiếng là có thể thưởng thức.<span style="text-align: center; font-size: 1.2em; font-style: italic; box-sizing: border-box; color: rgb(0, 0, 255);"></span></li></ul></h2><h3 style="box-sizing: border-box; color: rgb(10, 10, 10); width: 1050px; text-rendering: optimizespeed; font-size: 1.25em; font-family: Inter, sans-serif; letter-spacing: normal; text-align: justify;"><span class="ez-toc-section" id="Du_du_va_ca_rot" ez-toc-data-id="#Du_du_va_ca_rot" style="box-sizing: border-box; -webkit-box-decoration-break: clone;"></span>Đu đủ và cà rốt<span class="ez-toc-section-end" style="box-sizing: border-box; -webkit-box-decoration-break: clone;"></span></h3><h2 style="box-sizing: border-box; color: rgb(10, 10, 10); width: 1050px; text-rendering: optimizespeed; font-size: 1.6em; line-height: 1.3; font-family: Inter, sans-serif; letter-spacing: normal; text-align: justify;"><p style="box-sizing: border-box; margin-bottom: 1.3em; font-size: 15px; font-weight: 400;">Các nguyên liệu bạn cần chuẩn bị như sau:</p><ul style="box-sizing: border-box; list-style-position: initial; list-style-image: initial; margin-bottom: 1.3em; font-size: 15px; font-weight: 400;"><li aria-level="1" style="box-sizing: border-box; margin-bottom: 0.6em; margin-left: 1.3em;">Đu đủ xanh: 200 gram</li><li aria-level="1" style="box-sizing: border-box; margin-bottom: 0.6em; margin-left: 1.3em;">Cà rốt: 200 gram</li><li aria-level="1" style="box-sizing: border-box; margin-bottom: 0.6em; margin-left: 1.3em;">Tỏi: nửa củ</li><li aria-level="1" style="box-sizing: border-box; margin-bottom: 0.6em; margin-left: 1.3em;">Ớt tươi: 2-3 quả</li><li aria-level="1" style="box-sizing: border-box; margin-bottom: 0.6em; margin-left: 1.3em;">Chanh: 1 quả</li><li aria-level="1" style="box-sizing: border-box; margin-bottom: 0.6em; margin-left: 1.3em;">Đường: 2 thìa cà phê</li><li aria-level="1" style="box-sizing: border-box; margin-bottom: 0.6em; margin-left: 1.3em;">Giấm: 200ml</li></ul><p style="box-sizing: border-box; margin-bottom: 1.3em; font-size: 15px; font-weight: 400;">Cách làm đồ chua ăn cơm tấm từ đu đủ và cà rốt như sau:</p><ul style="box-sizing: border-box; list-style-position: initial; list-style-image: initial; margin-bottom: 1.3em; font-size: 15px; font-weight: 400;"><li aria-level="1" style="box-sizing: border-box; margin-bottom: 0.6em; margin-left: 1.3em;">Nạo sạch vỏ đu đủ và cà rốt, sau đó đem đi rửa lại với nước để ra hết nhựa</li><li aria-level="1" style="box-sizing: border-box; margin-bottom: 0.6em; margin-left: 1.3em;">Thái hoặc nạo đu đủ, cà rốt thành những miếng vừa ăn</li><li aria-level="1" style="box-sizing: border-box; margin-bottom: 0.6em; margin-left: 1.3em;">Sau khi thái xong, cho khoảng 1 thìa cà phê muối, 1 thìa cà phê đường vào đủ đủ và cà rốt, trộn đều cho ngấm gia vị.&nbsp; Sau khoảng 30 phút – 1 tiếng, vớt đủ đủ và cà rốt ra, đem rửa sạch lại với nước, rồi vớt ra, vắt cho thật kiệt nước để khi muối sẽ không bị úng.</li><li aria-level="1" style="box-sizing: border-box; margin-bottom: 0.6em; margin-left: 1.3em;">Pha nước ngâm theo tỷ lệ như sau: 200ml nước lọc, 100 ml giấm gạo, 50gram đường, nửa thìa cà phê muối. Cho hỗn hợp này lên bếp đun sôi, khi thấy sôi lăn tăn thì tắt bếp, để nguội.</li><li aria-level="1" style="box-sizing: border-box; margin-bottom: 0.6em; margin-left: 1.3em;">Phần tỏi ớt đã chuẩn bị thì bỏ vỏ, thái thành những lát mỏng hoặc có thể băm nhuyễn.</li><li aria-level="1" style="box-sizing: border-box; margin-bottom: 0.6em; margin-left: 1.3em;">Chuẩn bị một chiếc lọ thủy tinh đã tiệt trùng, cho đu đủ và cà rốt đã vắt kiệt nước vào, sau đó đổ dung dịch nước ngâm vào, cho thêm tỏi ớt, để qua đêm là có thể thưởng thức.</li></ul></h2><h3 style="box-sizing: border-box; color: rgb(10, 10, 10); width: 1050px; text-rendering: optimizespeed; font-size: 1.25em; font-family: Inter, sans-serif; letter-spacing: normal; text-align: justify;"><span class="ez-toc-section" id="Dua_leo_va_ca_rot" ez-toc-data-id="#Dua_leo_va_ca_rot" style="box-sizing: border-box; -webkit-box-decoration-break: clone;"></span>Dưa leo và cà rốt<span class="ez-toc-section-end" style="box-sizing: border-box; -webkit-box-decoration-break: clone;"></span></h3><h2 style="box-sizing: border-box; color: rgb(10, 10, 10); width: 1050px; text-rendering: optimizespeed; font-size: 1.6em; line-height: 1.3; font-family: Inter, sans-serif; letter-spacing: normal; text-align: justify;"><p style="box-sizing: border-box; margin-bottom: 1.3em; font-size: 15px; font-weight: 400;">Với món đồ chua này, bạn cần chuẩn bị các nguyên liệu sau đây:</p><ul style="box-sizing: border-box; list-style-position: initial; list-style-image: initial; margin-bottom: 1.3em; font-size: 15px; font-weight: 400;"><li aria-level="1" style="box-sizing: border-box; margin-bottom: 0.6em; margin-left: 1.3em;">Dưa chuột: 200 gram</li><li aria-level="1" style="box-sizing: border-box; margin-bottom: 0.6em; margin-left: 1.3em;">Cà rốt: 100 gram</li><li aria-level="1" style="box-sizing: border-box; margin-bottom: 0.6em; margin-left: 1.3em;">Rau húng, rau mùi</li><li aria-level="1" style="box-sizing: border-box; margin-bottom: 0.6em; margin-left: 1.3em;">Ớt, tỏi, chanh: mỗi loại 1 củ</li><li aria-level="1" style="box-sizing: border-box; margin-bottom: 0.6em; margin-left: 1.3em;">Các loại gia vị khác như: đường trắng, nước mắm, muối</li></ul><p style="box-sizing: border-box; margin-bottom: 1.3em; font-size: 15px; font-weight: 400;">Cách làm đồ chua ăn cơm tấm ngon từ dưa leo và cà rốt chi tiết như sau:</p><ul style="box-sizing: border-box; list-style-position: initial; list-style-image: initial; margin-bottom: 1.3em; font-size: 15px; font-weight: 400;"><li aria-level="1" style="box-sizing: border-box; margin-bottom: 0.6em; margin-left: 1.3em;">Dưa chuột cắt bỏ 2 đầu, đem rửa sạch, sau đó ngâm với nước muối loãng để cho dưa hết nhựa và hết bị đắng. Cà rốt cũng đem nạo vỏ rồi rửa sạch.</li><li aria-level="1" style="box-sizing: border-box; margin-bottom: 0.6em; margin-left: 1.3em;">Thái dưa chuột và cà rốt thành những miếng vừa ăn. Để dưa chuột được giòn ngon hơn, bạn nên bỏ phần lõi hột của dưa chuột trước khi thái. Thêm vào dưa và rà rốt khoảng 1 thìa muối nhỏ, bóp đều.</li><li aria-level="1" style="box-sizing: border-box; margin-bottom: 0.6em; margin-left: 1.3em;">Sau khoảng 20 phút, dưa chuột và cà rốt đã ra nước, đem rửa sạch rồi vắt cho kiệt nước.</li><li aria-level="1" style="box-sizing: border-box; margin-bottom: 0.6em; margin-left: 1.3em;">Các loại rau thơm đã chuẩn bị đem sơ chế, rửa sạch và thái nhỏ, tỏi và ớt cũng đem thái thành nhiều lát nhỏ.</li><li aria-level="1" style="box-sizing: border-box; margin-bottom: 0.6em; margin-left: 1.3em;">Pha nước ngâm đồ chua theo công thức như sau: nửa thìa cà phê muối, 1 thìa cà phê đường, 1 thìa nước mắm, 2 thìa nước lọc, nước cốt 1 quả chanh (Bỏ hột để đồ chua khi ngâm không bị đắng). Khuấy đều để các gia vị được tan hết vào nhau</li><li aria-level="1" style="box-sizing: border-box; margin-bottom: 0.6em; margin-left: 1.3em;">Cho dưa leo và cà rốt, tỏi, ớt vào một chiếc tô lớn, sau đó trộn phần nước sốt vừa pha vào và trộn đều. Cuối cùng, cho rau thơm thái nhỏ vào và trộn đều là có thể thưởng thức.</li></ul></h2>', NULL, '2023-10-22 21:27:25', '2023-12-06 14:19:36'),
	(15, 'Bánh bèo làm từ bột gì? Mua nguyên liệu làm bánh bèo ở đâu?', 'blog31702203639727.png', '<p>B&aacute;nh b&egrave;o l&agrave; một trong những m&oacute;n ăn ngon được rất nhiều người y&ecirc;u th&iacute;ch hiện nay. Thức b&aacute;nh n&agrave;y từ l&acirc;u đ&atilde; trở th&agrave;nh một n&eacute;t đẹp trong văn h&oacute;a ẩm thực của người Việt Nam ta. Rất nhiều người khi thưởng thức b&aacute;nh b&egrave;o, thấy thơm ngon n&ecirc;n đ&atilde; quyết định t&igrave;m hiểu để c&oacute; thể tự l&agrave;m loại b&aacute;nh n&agrave;y. Vậy b&aacute;nh b&egrave;o l&agrave;m từ bột g&igrave;, mua nguy&ecirc;n liệu ở đ&acirc;y? C&aacute;ch l&agrave;m b&aacute;nh b&egrave;o ngon, chuẩn vị như thế n&agrave;o? B&agrave;i viết dưới đ&acirc;y sẽ giải đ&aacute;p tất cả c&aacute;c thắc mắc đ&oacute; của bạn</p>\r\n', '<h2 style="text-align:justify">B&aacute;nh b&egrave;o l&agrave;m từ bột g&igrave;?</h2>\r\n\r\n<h2 style="text-align:justify">&nbsp;</h2>\r\n\r\n<p>B&aacute;nh b&egrave;o l&agrave; một m&oacute;n ăn đặc trưng, quen thuộc đối với người Việt Nam. Đặc biệt l&agrave; những người c&oacute; niềm đam m&ecirc;, y&ecirc;u th&iacute;ch ẩm thực Việt. Với hương vị thơm ngon, hấp dẫn, m&oacute;n b&aacute;nh n&agrave;y trở th&agrave;nh m&oacute;n ăn y&ecirc;u th&iacute;ch của rất nhiều người.</p>\r\n\r\n<p>Vậy b&aacute;nh b&egrave;o l&agrave;m từ bột g&igrave;? Chắc hẳn đ&acirc;y l&agrave; thắc mắc của rất nhiều người. B&aacute;nh b&egrave;o được l&agrave;m từ bột gạo, một nguy&ecirc;n liệu v&ocirc; c&ugrave;ng đơn giản, dễ kiếm, dễ l&agrave;m. M&oacute;n b&aacute;nh n&agrave;y l&agrave; sự kết hợp h&ograve;a quyện của 3 yếu tố ch&iacute;nh, đ&oacute; l&agrave; b&aacute;nh được l&agrave;m từ bột gạo. Nh&acirc;n để rắc l&ecirc;n b&aacute;nh được l&agrave;m bằng ruốc t&ocirc;m v&agrave; nước chấm chua ngọt.</p>\r\n\r\n<p>Kh&aacute;c với c&aacute;c loại b&aacute;nh kh&aacute;c, nước chấm của b&aacute;nh b&egrave;o sẽ l&agrave; một hỗn hợp c&oacute; th&agrave;nh phần ch&iacute;nh l&agrave; nước mắm. Khi ăn, nước chấm n&agrave;y sẽ được đổ trực tiếp v&agrave;o b&aacute;nh. Thay v&igrave; chấm từng miếng b&aacute;nh v&agrave;o b&aacute;t nước chấm như khi ăn c&aacute;c loại b&aacute;nh cuốn, b&aacute;nh x&egrave;o. Ruốc t&ocirc;m để rắc l&ecirc;n b&aacute;nh được l&agrave;m từ t&ocirc;m tươi lột vỏ. Sau đ&oacute; n&ecirc;m nếm gia vị vừa ăn, gi&atilde; đều tay sau đ&oacute; đem rang tr&ecirc;n lửa nhỏ.</p>\r\n\r\n<p>Do được l&agrave;m từ t&ocirc;m tươi n&ecirc;n m&agrave;u sắc của ruốc v&ocirc; c&ugrave;ng bắt mắt, sợ ruốc dai chứ kh&ocirc;ng bị mềm bở. M&oacute;n b&aacute;nh b&egrave;o sẽ trở n&ecirc;n hấp dẫn hơn khi ăn c&ugrave;ng với một ch&uacute;t mỡ h&agrave;ng v&agrave; đậu phộng rang b&oacute;c vỏ. T&ugrave;y v&agrave;o từng v&ugrave;ng miền m&agrave; khi ăn b&aacute;nh b&egrave;o sẽ ăn k&egrave;m c&ugrave;ng với một số nguy&ecirc;n liệu kh&aacute;c nhau.</p>\r\n\r\n<h2 style="text-align:justify">Nguy&ecirc;n liệu b&aacute;nh b&egrave;o mua ở đ&acirc;u?</h2>\r\n\r\n<h2 style="text-align:justify">&nbsp;</h2>\r\n\r\n<p>Nguy&ecirc;n liệu để l&agrave;m b&aacute;nh b&egrave;o v&ocirc; c&ugrave;ng đơn giản, dễ t&igrave;m, dễ mua. C&aacute;c nguy&ecirc;n liệu cần chuẩn bị bao gồm: bột gạo, bột năng, b&oacute;ng b&igrave;, ruốc t&ocirc;m, ớt, h&agrave;nh l&aacute;, đường, muối, chanh,&hellip; Đ&acirc;y đều l&agrave; những loại nguy&ecirc;n liệu được sử dụng phổ biến trong cuộc sống hằng ng&agrave;y. Bạn c&oacute; thể dễ d&agrave;ng t&igrave;m mua c&aacute;c nguy&ecirc;n liệu n&agrave;y ở c&aacute;c chợ đầu mối, si&ecirc;u thị, cửa h&agrave;ng tiện lợi đều c&oacute; b&aacute;n,&hellip;</p>\r\n\r\n<p>Như vậy, bạn đ&atilde; c&oacute; c&acirc;u trả lời cho thắc mắc &ldquo;b&aacute;nh b&egrave;o l&agrave;m từ bột g&igrave;?&rdquo;, nắm được c&aacute;c nguy&ecirc;n liệu cần c&oacute; để l&agrave;m b&aacute;nh b&egrave;o. Vậy c&aacute;ch l&agrave;m b&aacute;nh b&egrave;o như thế n&agrave;o để thơm ngon v&agrave; chuẩn vị nhất.</p>\r\n\r\n<h2 style="text-align:justify">C&aacute;ch l&agrave;m b&aacute;nh b&egrave;o ngon, đơn giản dễ l&agrave;m</h2>\r\n\r\n<h2 style="text-align:justify">&nbsp;</h2>\r\n\r\n<ul>\r\n	<li>Đặt một nồi nước l&ecirc;n bếp, đun s&ocirc;i, khi nước s&ocirc;i đổ hết phần t&ocirc;m đất đ&atilde; chuẩn bị v&agrave;o để luộc trước.</li>\r\n	<li>Sau khoảng 10 ph&uacute;t, t&ocirc;m ch&iacute;n, tắt bếp. L&uacute;c n&agrave;y, vớt t&ocirc;m ra cho r&aacute;o nước rồi để cho nguội. Khi t&ocirc;m đất đ&atilde; nguội th&igrave; tiến h&agrave;nh b&oacute;c vỏ t&ocirc;m. Khi b&oacute;c, bạn cần lưu &yacute; b&oacute;c thật sạch vỏ, bỏ phần đầu t&ocirc;m.</li>\r\n	<li>Sau khi đ&atilde; lột vỏ t&ocirc;m, cho phần t&ocirc;m đ&atilde; b&oacute;c vỏ v&agrave;o m&aacute;y xay v&agrave; đem xay nhuyễn.</li>\r\n	<li>Sau khi xay t&ocirc;m xong, ch&uacute;ng ta sẽ đem t&ocirc;m vừa xay nhuyễn đi chi&ecirc;n tr&ecirc;n chảo dầu đ&atilde; c&oacute; cho sẵn lượng nước mắm v&agrave; đường trắng ph&ugrave; hợp. Khi chi&ecirc;n, bạn h&atilde;y đảo đều tay cho đến khi cảm thấy t&ocirc;m đ&atilde; kh&ocirc; lại v&agrave; tơi ra th&igrave; tắt bếp.</li>\r\n	<li>Phần nh&acirc;n đ&atilde; ho&agrave;n th&agrave;nh, bắt đầu đến giai đoạn l&agrave;m bột b&aacute;nh. Bạn đem bột gạo, bột năng trộn với một &iacute;t muối, sau đ&oacute; đổ th&ecirc;m nước lạnh sao cho tạo th&agrave;nh một hỗn hợp.</li>\r\n	<li>Để tr&aacute;nh trường hợp bột gạo bị v&oacute;n cục hoặc đ&ocirc;ng cứng lại. Th&igrave; ch&uacute;ng ta sẽ tiến h&agrave;nh đổ th&ecirc;m một lượng nước n&oacute;ng v&agrave;o ngay v&agrave; khuấy đều cho bột thật nhuyễn.</li>\r\n	<li>Chuẩn bị một nồi hấp b&aacute;nh, trong đ&oacute; c&oacute; nước, đun s&ocirc;i nồi nước n&agrave;y. Sau đ&oacute; đổ phần bột b&aacute;nh b&egrave;o vừa trộn v&agrave;o từng ch&eacute;n nhỏ vừa ăn.</li>\r\n	<li>Mọi người sẽ hấp b&aacute;nh trong v&ograve;ng 10 ph&uacute;t để b&aacute;nh b&egrave;o ch&eacute;n ch&iacute;n.</li>\r\n	<li>Cuối c&ugrave;ng ch&uacute;ng ta chỉ cần cho t&ocirc;m đ&atilde; xong l&ecirc;n mặt từng ch&eacute;n b&aacute;nh b&egrave;o. V&agrave; chuẩn bị nước chấm nữa l&agrave; ho&agrave;n th&agrave;nh m&oacute;n b&aacute;nh b&egrave;o ch&eacute;n để thưởng thức ngay.</li>\r\n</ul>\r\n\r\n<h2 style="text-align:justify">C&aacute;ch l&agrave;m b&aacute;nh b&egrave;o truyền thống chuẩn vị Huế</h2>\r\n\r\n<h2 style="text-align:justify">&nbsp;</h2>\r\n\r\n<p>B&aacute;nh b&egrave;o l&agrave; m&oacute;n ăn đặc sản của xứ Huế. B&aacute;nh b&egrave;o hiện nay đ&atilde; c&oacute; mặt ở nhiều tỉnh th&agrave;nh hiện nay. Tuy nhi&ecirc;n, b&aacute;nh b&egrave;o Huế vẫn mang một hương vị rất ri&ecirc;ng, kh&ocirc;ng thể trộn lẫn với bất kỳ v&ugrave;ng đất n&agrave;o. Điểm đặc biệt của m&oacute;n b&aacute;nh b&egrave;o xứ Huế l&agrave; trong kh&acirc;u trộn bột v&agrave; hấp b&aacute;nh. V&agrave; tuyệt đối kh&ocirc;ng được để d&iacute;nh nước đọng. Phần t&ocirc;m sau khi lột vỏ sẽ kh&ocirc;ng đem đi xay m&agrave; sẽ được cắt nhỏ, sau đ&oacute; đem đảo c&ugrave;ng với một số loại gia vị kh&aacute;c.</p>\r\n\r\n<p>Nước chấm b&aacute;nh b&egrave;o Huế rất đặc trưng, nước chấm kh&ocirc;ng được pha lo&atilde;ng m&agrave; pha rất đặc, c&oacute; vị ngọt v&agrave; thơm. Nguy&ecirc;n liệu ch&iacute;nh của b&aacute;t nước chấm vẫn l&agrave; nước mắm. Tuy nhi&ecirc;n, ở Huế, nước mắm sẽ được đem đi nấu c&ugrave;ng với tỏi, ớt,&hellip; Họ sẽ n&ecirc;m nếm th&ecirc;m c&aacute;c gia vị kh&aacute;c sao cho vừa miệng. Khi ăn b&aacute;nh b&egrave;o Huế, thực kh&aacute;ch sẽ được lựa chọn loại nước chấm l&agrave; nước chấm mặn. Hoặc nước chấm ngọt, t&ugrave;y v&agrave;o sở th&iacute;ch, khẩu vị của từng người.</p>\r\n', NULL, '2023-10-22 21:27:27', '2023-12-10 17:20:39'),
	(16, 'Bánh tráng có nguồn gốc từ đâu?', '16.jpg', 'Bánh tráng là một trong những món ăn vặt được rất nhiều bạn trẻ yêu thích hiện nay. Những quầy bánh tráng di động, cửa hàng bánh tráng mọc lên ở khắp mọi nơi. Đặc biệt là ở các khu quanh trường đại học. Bánh tráng được chế biến dưới rất nhiều cách khác nhau chứ không chỉ riêng về ăn vặt. Vậy bánh tráng có nguồn gốc từ đâu? Cách làm bánh tráng như thế nào? Mời các bạn cùng Cơm Tấm Hướng Dương theo dõi bài viết dưới đây.', '<h2 style="box-sizing: border-box; color: rgb(10, 10, 10); width: 1050px; text-rendering: optimizespeed; font-size: 1.6em; line-height: 1.3; font-family: Inter, sans-serif; letter-spacing: normal; text-align: justify;">Bánh tráng có nguồn gốc từ đâu?<span class="ez-toc-section-end" style="box-sizing: border-box; -webkit-box-decoration-break: clone;"></span></h2><h2 style="box-sizing: border-box; color: rgb(10, 10, 10); width: 1050px; text-rendering: optimizespeed; font-size: 1.6em; line-height: 1.3; font-family: Inter, sans-serif; letter-spacing: normal; text-align: justify;"><p style="box-sizing: border-box; margin-bottom: 1.3em; font-size: 15px; font-weight: 400;">Bánh tráng là món ăn quen thuộc được rất nhiều người yêu thích, đặc biệt là các bạn học sinh, sinh viên. Món ăn này được chế biến với rất nhiều các khác nhau. Để tìm hiểu sâu hơn về món ăn này, trước tiên bạn cần phải trả lời được câu hỏi “bánh tráng có nguồn gốc từ đâu?”.</p><p style="box-sizing: border-box; margin-bottom: 1.3em; font-size: 15px; font-weight: 400;">Bánh tráng là một món ăn có nguồn gốc từ miền Nam. Ở miền Bắc, món ăn này thường được gọi là bánh đa. Người miền Trung họ sẽ gọi giống với miền Nam, là bánh tráng. Tùy vào từng vùng miền mà tên của món ăn sẽ khác nhau. Tên gọi này xuất phát từ chính công thức để chế biến. Để có thể tạo ra một chiếc bánh tráng thơm ngon, bạn phải trải qua một công đoạn quan trọng đó là tráng án.</p><p style="box-sizing: border-box; margin-bottom: 1.3em; font-size: 15px; font-weight: 400;">Nguyên liệu chính để làm nên món bánh tráng này chính là bột gạo. Tuy nhiên, bạn cũng có thể sử dụng thêm một số nguyên liệu khác để làm bánh tráng. Bạn chỉ cần đem bột gạo pha lẫn với nước theo một tỷ lệ nhất định. Có thể trộn thêm với một số nguyên liệu khác như: bột ngô, đậu xanh. Đem hỗn hợp vừa trộn được đi tráng án sẽ tạo ra được thành phẩm là những chiếc bánh tráng vô cùng thơm ngon. Ở một số vùng miền, để bánh tráng được thơm ngon, phù hợp với khẩu vị ăn uống hơn, người ta có thể sử dụng thêm một số thành phần khác như: mè, tỏi,…</p></h2><h2 style="box-sizing: border-box; color: rgb(10, 10, 10); width: 1050px; text-rendering: optimizespeed; font-size: 1.6em; line-height: 1.3; font-family: Inter, sans-serif; letter-spacing: normal; text-align: justify;"><span class="ez-toc-section" id="Cach_lam_banh_trang_nhu_the_nao" ez-toc-data-id="#Cach_lam_banh_trang_nhu_the_nao" style="box-sizing: border-box; -webkit-box-decoration-break: clone;"></span>Cách làm bánh tráng như thế nào?<span class="ez-toc-section-end" style="box-sizing: border-box; -webkit-box-decoration-break: clone;"></span></h2><h2 style="box-sizing: border-box; color: rgb(10, 10, 10); width: 1050px; text-rendering: optimizespeed; font-size: 1.6em; line-height: 1.3; font-family: Inter, sans-serif; letter-spacing: normal; text-align: justify;"><p style="box-sizing: border-box; margin-bottom: 1.3em; font-size: 15px; font-weight: 400;">Sau khi giải đáp được thắc mắc “bánh tráng có nguồn gốc từ đâu?” thì chúng ta hãy cùng nhau tìm hiểu các bước để có thể tạo nên một chiếc bánh tráng nhé. Cách làm bánh tráng vô cùng đơn giản, ai cũng có thể thực hiện ngay tại nhà.</p><p style="box-sizing: border-box; margin-bottom: 1.3em; font-size: 15px; font-weight: 400;">Dưới đây là hướng dẫn chi tiết các bước làm bánh tráng mà bạn có thể áp dụng:</p><ul style="box-sizing: border-box; list-style-position: initial; list-style-image: initial; margin-bottom: 1.3em; font-size: 15px; font-weight: 400;"><li aria-level="1" style="box-sizing: border-box; margin-bottom: 0.6em; margin-left: 1.3em;">Bước 1: Chuẩn bị nguyên liệu. Trộn bột với nước theo một tỷ lệ thích hợp. Có thể thay nước bằng bất kỳ một loại thực phẩm nào mà bạn cảm nhận thấy nó có khả năng làm mềm bột và có thể tráng bánh.</li><li aria-level="1" style="box-sizing: border-box; margin-bottom: 0.6em; margin-left: 1.3em;">Bước 2: Chuẩn bị nồi tráng bánh. Chuẩn bị một nồi nước, đun sôi. Lấy một tấm vải sạch căng lên thành nồi để làm vỉ tráng bánh. Dùng gáo múc bột đổ lên tấm vải. Khi rưới bột lên tấm vải phải rưới theo hình tròn và tráng thật nhanh tay để tạo hình cho bánh.</li><li aria-level="1" style="box-sizing: border-box; margin-bottom: 0.6em; margin-left: 1.3em;">Bước 3: Đậy vung và đợi khoảng 10 giây để bánh chín.</li><li aria-level="1" style="box-sizing: border-box; margin-bottom: 0.6em; margin-left: 1.3em;">Bước 4: Sau khi bánh chính, lấy cán để lột bánh ra, để bánh trên một chiếc vỉ tre và đem đi phơi nắng. Sau khoảng 1 ngày, chúng ta đã tạo ra được thành phẩm là những chiếc bánh tráng thơm ngon. Có thể chế biến thành nhiều món ăn khác nhau rồi.</li></ul></h2><h2 style="box-sizing: border-box; color: rgb(10, 10, 10); width: 1050px; text-rendering: optimizespeed; font-size: 1.6em; line-height: 1.3; font-family: Inter, sans-serif; letter-spacing: normal; text-align: justify;"><span class="ez-toc-section" id="Mot_so_mon_an_ngon_voi_banh_trang" ez-toc-data-id="#Mot_so_mon_an_ngon_voi_banh_trang" style="box-sizing: border-box; -webkit-box-decoration-break: clone;"></span>Một số món ăn ngon với bánh tráng<span class="ez-toc-section-end" style="box-sizing: border-box; -webkit-box-decoration-break: clone;"></span></h2><h2 style="box-sizing: border-box; color: rgb(10, 10, 10); width: 1050px; text-rendering: optimizespeed; font-size: 1.6em; line-height: 1.3; font-family: Inter, sans-serif; letter-spacing: normal; text-align: justify;"><p style="box-sizing: border-box; margin-bottom: 1.3em; font-size: 15px; font-weight: 400;">Ngoài việc ăn bánh tráng trực tiếp, đúng vị, hiện nay mọi người còn cực kỳ sáng tạo, chế biến bánh tráng thành nhiều món ăn khác nhau. Một số món ăn thơm ngon với bánh tráng có thể kể đến như:</p></h2><h3 style="box-sizing: border-box; color: rgb(10, 10, 10); width: 1050px; text-rendering: optimizespeed; font-size: 1.25em; font-family: Inter, sans-serif; letter-spacing: normal; text-align: justify;"><span class="ez-toc-section" id="Banh_gao_Tokbokki" ez-toc-data-id="#Banh_gao_Tokbokki" style="box-sizing: border-box; -webkit-box-decoration-break: clone;"></span>Bánh gạo Tokbokki<span class="ez-toc-section-end" style="box-sizing: border-box; -webkit-box-decoration-break: clone;"></span></h3><h2 style="box-sizing: border-box; color: rgb(10, 10, 10); width: 1050px; text-rendering: optimizespeed; font-size: 1.6em; line-height: 1.3; font-family: Inter, sans-serif; letter-spacing: normal; text-align: justify;"><p style="box-sizing: border-box; margin-bottom: 1.3em; font-size: 15px; font-weight: 400;">Bánh tráng có nguồn gốc từ đâu? Các món ăn ngon được làm từ bánh tráng? Đây là một trong những món ăn ngon từ bánh tráng cực hot trong mùa dịch. Từ những chiếc bánh tráng khô, chúng ta có thể chế biến thành những chiếc&nbsp;<a href="https://vi.wikipedia.org/wiki/Tteokbokki#:~:text=Tteokbokki%20hay%20Ddeobokki%20l%C3%A0%20m%C3%B3n,gia%20v%E1%BB%8B%20r%E1%BB%93i%20n%C6%B0%E1%BB%9Bng%20l%C3%AAn." target="_blank" rel="noopener" style="box-sizing: border-box; background-color: transparent; touch-action: manipulation; color: rgb(51, 72, 98);"><span style="box-sizing: border-box; font-weight: bolder;">bánh gạo Tokbokki</span></a>&nbsp;mềm dẻo, thơm cay, mang hương vị đặc trưng của Hàn Quốc.</p><p style="box-sizing: border-box; margin-bottom: 1.3em; font-size: 15px; font-weight: 400;">Cách chế biến món ăn này cũng vô cùng đơn giản. Bạn chỉ cần nhúng bánh tráng vào nước, sau đó cho ra đĩa, đợi khoảng 3 phút thì tiến hành cuộn tròn lại. Dùng dao cắt bánh tráng vừa cuộn thành những miếng nhỏ sao cho vừa ăn. Yếu tố quyết định sự thơm ngon của món ăn này chính là nước sốt. Trộn các nguyên liệu như: tương cà, tương ớt, bột ớt Hàn Quốc, bơ, nước và gia vị, đun sôi. Khi sốt sôi thì đổ bánh vào, đun lửa nhỏ 3 phút là có thể thưởng thức.</p></h2><h3 style="box-sizing: border-box; color: rgb(10, 10, 10); width: 1050px; text-rendering: optimizespeed; font-size: 1.25em; font-family: Inter, sans-serif; letter-spacing: normal; text-align: justify;"><span class="ez-toc-section" id="Banh_trang_tron" ez-toc-data-id="#Banh_trang_tron" style="box-sizing: border-box; -webkit-box-decoration-break: clone;"></span>Bánh tráng trộn<span class="ez-toc-section-end" style="box-sizing: border-box; -webkit-box-decoration-break: clone;"></span></h3><h2 style="box-sizing: border-box; color: rgb(10, 10, 10); width: 1050px; text-rendering: optimizespeed; font-size: 1.6em; line-height: 1.3; font-family: Inter, sans-serif; letter-spacing: normal; text-align: justify;"><p style="box-sizing: border-box; margin-bottom: 1.3em; font-size: 15px; font-weight: 400;">Đây là một trong những món ăn vặt được rất nhiều người yêu thích hiện nay. Cách làm món ăn này cũng rất đơn giản. Cắt những chiếc bánh tráng nguyên bản thành những sợi nhỏ vừa ăn. Chuẩn bị thêm một số nguyên liệu để ăn kèm như: xoài xanh, tôm khô, ruốc khô, trứng cút luộc, khô bò, đậu phộng, rau răm và sa tế, nước cốt tắc. Trộn tất cả các nguyên liệu trên với phần bánh tráng vừa cắt sợi. Đợi khoảng 2-3 phút bánh tráng mềm ra là bạn có thể thưởng thức rồi.</p></h2><h3 style="box-sizing: border-box; color: rgb(10, 10, 10); width: 1050px; text-rendering: optimizespeed; font-size: 1.25em; font-family: Inter, sans-serif; letter-spacing: normal; text-align: justify;"><span class="ez-toc-section" id="Banh_trang_nuong" ez-toc-data-id="#Banh_trang_nuong" style="box-sizing: border-box; -webkit-box-decoration-break: clone;"></span>Bánh tráng nướng<span class="ez-toc-section-end" style="box-sizing: border-box; -webkit-box-decoration-break: clone;"></span></h3><h2 style="box-sizing: border-box; color: rgb(10, 10, 10); width: 1050px; text-rendering: optimizespeed; font-size: 1.6em; line-height: 1.3; font-family: Inter, sans-serif; letter-spacing: normal; text-align: justify;"><p style="box-sizing: border-box; margin-bottom: 1.3em; font-size: 15px; font-weight: 400;">Đây là món ăn có nguồn gốc từ Đà Lạt, cũng được rất nhiều người yêu thích. Bánh tráng sẽ được nướng bằng than hoa. Đặt bánh tráng lên vỉ, sau đó phết bơ, đập trứng sau đó cũng phết đều lên bề mặt của bánh tráng. Cho thêm lên bánh tráng một số loại topping như: trứng cút, xúc xích, khô bò, mỡ hành, tương ớt, sốt, tương cà. Nướng bánh trong khoảng 2-3 phút, khi ngửi thấy mùi thơm là bạn có thể thưởng thức.</p></h2><h3 style="box-sizing: border-box; color: rgb(10, 10, 10); width: 1050px; text-rendering: optimizespeed; font-size: 1.25em; font-family: Inter, sans-serif; letter-spacing: normal; text-align: justify;"><span class="ez-toc-section" id="Banh_trang_cuon" ez-toc-data-id="#Banh_trang_cuon" style="box-sizing: border-box; -webkit-box-decoration-break: clone;"></span>Bánh tráng cuốn<span class="ez-toc-section-end" style="box-sizing: border-box; -webkit-box-decoration-break: clone;"></span></h3><h2 style="box-sizing: border-box; color: rgb(10, 10, 10); width: 1050px; text-rendering: optimizespeed; font-size: 1.6em; line-height: 1.3; font-family: Inter, sans-serif; letter-spacing: normal; text-align: justify;"><p style="box-sizing: border-box; margin-bottom: 1.3em; font-size: 15px; font-weight: 400;">Bánh tráng có nguồn gốc từ đâu? Có thể chế biến bánh tráng thành món ăn nào? Một cách để chế biến bánh tráng vừa ngon vừa đơn giản, dễ thực hiện nữa là làm bánh tráng cuốn. Ngoài bánh tráng bạn cần chuẩn bị thêm một số nguyên liệu như: tôm khô, xoài xanh, trứng cút luộc, bò khô, rau răm. Bánh tráng bạn xịt thêm một chút nước cho bánh tráng mềm dẻo. Sau đó cho lần lượt các loại nguyên liệu vừa chuẩn bị vào, sau đó cuộn chặt tay. Cắt phần bánh tráng vừa cuốn thành những miếng vừa ăn. Món bánh tráng cuộn sẽ ngon nhất khi được chấm cùng nước cốt me và nước cốt tắc.</p></h2><h3 style="box-sizing: border-box; color: rgb(10, 10, 10); width: 1050px; text-rendering: optimizespeed; font-size: 1.25em; font-family: Inter, sans-serif; letter-spacing: normal; text-align: justify;"><span class="ez-toc-section" id="Banh_cuon" ez-toc-data-id="#Banh_cuon" style="box-sizing: border-box; -webkit-box-decoration-break: clone;"></span>Bánh cuốn<span class="ez-toc-section-end" style="box-sizing: border-box; -webkit-box-decoration-break: clone;"></span></h3><h2 style="box-sizing: border-box; color: rgb(10, 10, 10); width: 1050px; text-rendering: optimizespeed; font-size: 1.6em; line-height: 1.3; font-family: Inter, sans-serif; letter-spacing: normal; text-align: justify;"><p style="box-sizing: border-box; margin-bottom: 1.3em; font-size: 15px; font-weight: 400;">Ngoài những món ăn trên thì bánh tráng còn được sử dụng để chế biến nên một món ăn quen thuộc nhưng cũng độc lạ là bánh cuốn. Cách chế biến món ăn này cũng vô cùng đơn giản. Chuẩn bị một chiếc thau nhỏ, có kích thước to hơn chiếc bánh tráng. Cho vào thau một chút dầu ăn hoặc giấm gạo. Lần lượt nhúng từng chiếc bánh tráng vào thau để bánh tráng được mềm ra.</p><p style="box-sizing: border-box; margin-bottom: 1.3em; font-size: 15px; font-weight: 400;">Còn về phần nhân bánh, bạn xào thịt băm với mộc nhĩ, nêm nếm gia vị sao cho vừa ăn. Khi thịt chín thì cho thêm một chút hành lá. Rải phần nhân này lên những chiếc bánh tráng vừa làm ướt. Cuộn chặt lại sau đó đem đi hấp hoặc quay lò vi sóng là có thể thưởng thức rồi.</p></h2>', NULL, '2023-10-22 21:27:27', '2023-12-06 14:19:36');
/*!40000 ALTER TABLE `blogs` ENABLE KEYS */;

-- Dumping structure for table commenau.blog_reviews
CREATE TABLE IF NOT EXISTS `blog_reviews` (
  `id` int(11) NOT NULL AUTO_INCREMENT,
  `blogId` int(11) NOT NULL,
  `userId` bigint(20) NOT NULL,
  `content` text CHARACTER SET utf8mb4 NOT NULL,
  `createdAt` datetime DEFAULT current_timestamp(),
  PRIMARY KEY (`id`),
  KEY `FK_blog_reviews_blogs` (`blogId`),
  KEY `FK_blog_reviews_users` (`userId`),
  CONSTRAINT `FK_blog_reviews_blogs` FOREIGN KEY (`blogId`) REFERENCES `blogs` (`id`) ON DELETE NO ACTION ON UPDATE NO ACTION,
  CONSTRAINT `FK_blog_reviews_users` FOREIGN KEY (`userId`) REFERENCES `users` (`id`) ON DELETE NO ACTION ON UPDATE NO ACTION
) ENGINE=InnoDB AUTO_INCREMENT=18 DEFAULT CHARSET=utf8;

-- Dumping data for table commenau.blog_reviews: ~2 rows (approximately)
/*!40000 ALTER TABLE `blog_reviews` DISABLE KEYS */;
INSERT INTO `blog_reviews` (`id`, `blogId`, `userId`, `content`, `createdAt`) VALUES
	(13, 4, 1, 'bài viết hữu ích', '2024-01-08 22:06:23'),
	(16, 5, 13, 'bài viết rất hay', '2024-01-20 16:19:22'),
	(17, 4, 13, 'tuyệt vời', '2024-01-20 16:43:27');
/*!40000 ALTER TABLE `blog_reviews` ENABLE KEYS */;

-- Dumping structure for table commenau.cancel_products
CREATE TABLE IF NOT EXISTS `cancel_products` (
  `id` int(11) NOT NULL AUTO_INCREMENT,
  `productId` int(11) NOT NULL,
  `quantity` int(11) NOT NULL,
  `canceledAt` timestamp NULL DEFAULT current_timestamp(),
  PRIMARY KEY (`id`),
  KEY `FK_cancel_products_products` (`productId`),
  CONSTRAINT `FK_cancel_products_products` FOREIGN KEY (`productId`) REFERENCES `products` (`id`) ON DELETE NO ACTION ON UPDATE NO ACTION
) ENGINE=InnoDB AUTO_INCREMENT=733 DEFAULT CHARSET=utf8mb4;

-- Dumping data for table commenau.cancel_products: ~387 rows (approximately)
/*!40000 ALTER TABLE `cancel_products` DISABLE KEYS */;
INSERT INTO `cancel_products` (`id`, `productId`, `quantity`, `canceledAt`) VALUES
	(143, 38, 50, '2023-11-08 23:59:59'),
	(144, 39, 25, '2023-11-04 23:59:59'),
	(145, 40, 50, '2023-11-13 23:59:59'),
	(146, 41, 50, '2023-11-13 23:59:59'),
	(148, 43, 50, '2023-11-09 23:59:59'),
	(151, 46, 50, '2023-11-11 23:59:59'),
	(152, 47, 50, '2023-11-09 23:59:59'),
	(153, 48, 50, '2023-11-12 23:59:59'),
	(155, 50, 50, '2023-11-14 23:59:59'),
	(156, 51, 50, '2023-11-13 23:59:59'),
	(159, 54, 50, '2023-11-16 23:59:59'),
	(160, 55, 50, '2023-11-15 23:59:59'),
	(162, 57, 50, '2023-11-15 23:59:59'),
	(163, 58, 31, '2023-11-10 23:59:59'),
	(165, 60, 50, '2023-11-17 23:59:59'),
	(166, 61, 50, '2023-11-08 23:59:59'),
	(167, 62, 50, '2023-11-10 23:59:59'),
	(168, 63, 50, '2023-11-04 23:59:59'),
	(169, 64, 50, '2023-11-12 23:59:59'),
	(170, 65, 50, '2023-11-04 23:59:59'),
	(171, 66, 50, '2023-11-04 23:59:59'),
	(173, 68, 50, '2023-11-20 23:59:59'),
	(174, 69, 50, '2023-11-19 23:59:59'),
	(176, 71, 50, '2023-11-18 23:59:59'),
	(177, 72, 50, '2023-11-10 23:59:59'),
	(178, 73, 50, '2023-11-14 23:59:59'),
	(182, 77, 50, '2023-11-05 23:59:59'),
	(183, 78, 50, '2023-11-08 23:59:59'),
	(188, 83, 50, '2023-11-12 23:59:59'),
	(189, 84, 50, '2023-11-17 23:59:59'),
	(190, 85, 50, '2023-11-09 23:59:59'),
	(191, 86, 50, '2023-11-12 23:59:59'),
	(192, 87, 50, '2023-11-14 23:59:59'),
	(193, 88, 50, '2023-11-11 23:59:59'),
	(194, 89, 50, '2023-11-13 23:59:59'),
	(195, 90, 50, '2023-11-11 23:59:59'),
	(196, 91, 50, '2023-11-17 23:59:59'),
	(197, 92, 50, '2023-11-11 23:59:59'),
	(205, 100, 50, '2023-11-03 23:59:59'),
	(206, 101, 50, '2023-11-20 23:59:59'),
	(207, 102, 50, '2023-11-12 23:59:59'),
	(208, 103, 50, '2023-11-18 23:59:59'),
	(209, 104, 50, '2023-11-14 23:59:59'),
	(210, 105, 50, '2023-11-14 23:59:59'),
	(211, 106, 50, '2023-11-10 23:59:59'),
	(214, 109, 50, '2023-11-05 23:59:59'),
	(217, 112, 50, '2023-11-11 23:59:59'),
	(218, 113, 50, '2023-11-15 23:59:59'),
	(220, 115, 50, '2023-11-05 23:59:59'),
	(221, 116, 50, '2023-11-20 23:59:59'),
	(223, 118, 50, '2023-11-12 23:59:59'),
	(224, 119, 50, '2023-11-11 23:59:59'),
	(225, 120, 50, '2023-11-20 23:59:59'),
	(227, 122, 50, '2023-11-12 23:59:59'),
	(270, 38, 50, '2023-11-08 23:59:59'),
	(271, 39, 50, '2023-11-18 23:59:59'),
	(272, 40, 50, '2023-11-04 23:59:59'),
	(273, 41, 50, '2023-11-04 23:59:59'),
	(274, 42, 50, '2023-11-09 23:59:59'),
	(275, 43, 50, '2023-11-12 23:59:59'),
	(276, 44, 50, '2023-11-11 23:59:59'),
	(277, 45, 50, '2023-11-20 23:59:59'),
	(279, 47, 50, '2023-11-19 23:59:59'),
	(280, 48, 50, '2023-11-12 23:59:59'),
	(282, 50, 50, '2023-11-19 23:59:59'),
	(285, 53, 50, '2023-11-04 23:59:59'),
	(286, 54, 50, '2023-11-03 23:59:59'),
	(287, 55, 50, '2023-11-04 23:59:59'),
	(288, 56, 50, '2023-11-11 23:59:59'),
	(290, 58, 50, '2023-11-11 23:59:59'),
	(291, 59, 50, '2023-11-14 23:59:59'),
	(292, 60, 50, '2023-11-13 23:59:59'),
	(295, 63, 50, '2023-11-18 23:59:59'),
	(296, 64, 50, '2023-11-09 23:59:59'),
	(297, 65, 50, '2023-11-11 23:59:59'),
	(298, 66, 50, '2023-11-08 23:59:59'),
	(301, 69, 50, '2023-11-15 23:59:59'),
	(303, 71, 50, '2023-11-15 23:59:59'),
	(305, 73, 50, '2023-11-15 23:59:59'),
	(306, 74, 50, '2023-11-11 23:59:59'),
	(308, 76, 50, '2023-11-09 23:59:59'),
	(309, 77, 50, '2023-11-13 23:59:59'),
	(310, 78, 50, '2023-11-18 23:59:59'),
	(311, 79, 50, '2023-11-10 23:59:59'),
	(312, 80, 50, '2023-11-15 23:59:59'),
	(313, 81, 50, '2023-11-03 23:59:59'),
	(314, 82, 50, '2023-11-09 23:59:59'),
	(315, 83, 50, '2023-11-17 23:59:59'),
	(316, 84, 50, '2023-11-17 23:59:59'),
	(317, 85, 50, '2023-11-14 23:59:59'),
	(318, 86, 50, '2023-11-18 23:59:59'),
	(319, 87, 50, '2023-11-08 23:59:59'),
	(320, 88, 50, '2023-11-04 23:59:59'),
	(321, 89, 50, '2023-11-15 23:59:59'),
	(324, 92, 50, '2023-11-17 23:59:59'),
	(325, 93, 50, '2023-11-13 23:59:59'),
	(326, 94, 50, '2023-11-11 23:59:59'),
	(327, 95, 50, '2023-11-14 23:59:59'),
	(328, 96, 50, '2023-11-19 23:59:59'),
	(329, 97, 50, '2023-11-12 23:59:59'),
	(330, 98, 50, '2023-11-04 23:59:59'),
	(332, 100, 50, '2023-11-19 23:59:59'),
	(333, 101, 50, '2023-11-08 23:59:59'),
	(334, 102, 50, '2023-11-04 23:59:59'),
	(335, 103, 50, '2023-11-14 23:59:59'),
	(336, 104, 50, '2023-11-19 23:59:59'),
	(337, 105, 50, '2023-11-11 23:59:59'),
	(338, 106, 50, '2023-11-19 23:59:59'),
	(339, 107, 50, '2023-11-03 23:59:59'),
	(340, 108, 50, '2023-11-14 23:59:59'),
	(341, 109, 50, '2023-11-04 23:59:59'),
	(345, 113, 50, '2023-11-13 23:59:59'),
	(346, 114, 50, '2023-11-20 23:59:59'),
	(347, 115, 50, '2023-11-18 23:59:59'),
	(348, 116, 50, '2023-11-11 23:59:59'),
	(349, 117, 50, '2023-11-19 23:59:59'),
	(350, 118, 50, '2023-11-20 23:59:59'),
	(353, 121, 50, '2023-11-15 23:59:59'),
	(354, 122, 50, '2023-11-16 23:59:59'),
	(355, 123, 50, '2023-11-12 23:59:59'),
	(397, 38, 50, '2023-11-12 23:59:59'),
	(398, 39, 50, '2023-11-03 23:59:59'),
	(399, 40, 50, '2023-11-17 23:59:59'),
	(400, 41, 50, '2023-11-19 23:59:59'),
	(402, 43, 50, '2023-11-10 23:59:59'),
	(403, 44, 50, '2023-11-04 23:59:59'),
	(404, 45, 50, '2023-11-10 23:59:59'),
	(405, 46, 50, '2023-11-19 23:59:59'),
	(406, 47, 50, '2023-11-04 23:59:59'),
	(409, 50, 50, '2023-11-19 23:59:59'),
	(411, 52, 50, '2023-11-13 23:59:59'),
	(412, 53, 50, '2023-11-09 23:59:59'),
	(413, 54, 50, '2023-11-04 23:59:59'),
	(414, 55, 50, '2023-11-11 23:59:59'),
	(415, 56, 50, '2023-11-03 23:59:59'),
	(416, 57, 50, '2023-11-20 23:59:59'),
	(417, 58, 50, '2023-11-12 23:59:59'),
	(418, 59, 50, '2023-11-18 23:59:59'),
	(419, 60, 50, '2023-11-16 23:59:59'),
	(420, 61, 50, '2023-11-03 23:59:59'),
	(421, 62, 50, '2023-11-10 23:59:59'),
	(422, 63, 50, '2023-11-17 23:59:59'),
	(423, 64, 50, '2023-11-14 23:59:59'),
	(425, 66, 50, '2023-11-03 23:59:59'),
	(426, 67, 50, '2023-11-09 23:59:59'),
	(427, 68, 50, '2023-11-15 23:59:59'),
	(428, 69, 50, '2023-11-09 23:59:59'),
	(430, 71, 50, '2023-11-19 23:59:59'),
	(431, 72, 50, '2023-11-09 23:59:59'),
	(432, 73, 50, '2023-11-05 23:59:59'),
	(433, 74, 50, '2023-11-18 23:59:59'),
	(435, 76, 50, '2023-11-17 23:59:59'),
	(436, 77, 50, '2023-11-09 23:59:59'),
	(437, 78, 50, '2023-11-15 23:59:59'),
	(438, 79, 50, '2023-11-05 23:59:59'),
	(439, 80, 50, '2023-11-19 23:59:59'),
	(441, 82, 50, '2023-11-08 23:59:59'),
	(442, 83, 50, '2023-11-16 23:59:59'),
	(443, 84, 50, '2023-11-17 23:59:59'),
	(444, 85, 50, '2023-11-15 23:59:59'),
	(445, 86, 50, '2023-11-04 23:59:59'),
	(446, 87, 50, '2023-11-16 23:59:59'),
	(448, 89, 50, '2023-11-20 23:59:59'),
	(450, 91, 50, '2023-11-12 23:59:59'),
	(451, 92, 50, '2023-11-13 23:59:59'),
	(453, 94, 50, '2023-11-14 23:59:59'),
	(454, 95, 50, '2023-11-11 23:59:59'),
	(455, 96, 50, '2023-11-13 23:59:59'),
	(456, 97, 50, '2023-11-10 23:59:59'),
	(457, 98, 50, '2023-11-11 23:59:59'),
	(458, 99, 50, '2023-11-04 23:59:59'),
	(460, 101, 50, '2023-11-19 23:59:59'),
	(461, 102, 50, '2023-11-18 23:59:59'),
	(462, 103, 50, '2023-11-11 23:59:59'),
	(463, 104, 50, '2023-11-20 23:59:59'),
	(464, 105, 50, '2023-11-05 23:59:59'),
	(466, 107, 50, '2023-11-16 23:59:59'),
	(467, 108, 50, '2023-11-20 23:59:59'),
	(468, 109, 50, '2023-11-14 23:59:59'),
	(470, 111, 50, '2023-11-09 23:59:59'),
	(472, 113, 50, '2023-11-17 23:59:59'),
	(473, 114, 50, '2023-11-13 23:59:59'),
	(474, 115, 50, '2023-11-10 23:59:59'),
	(475, 116, 50, '2023-11-12 23:59:59'),
	(476, 117, 50, '2023-11-11 23:59:59'),
	(477, 118, 50, '2023-11-19 23:59:59'),
	(478, 119, 50, '2023-11-20 23:59:59'),
	(481, 122, 50, '2023-11-15 23:59:59'),
	(482, 123, 50, '2023-11-10 23:59:59'),
	(484, 39, 50, '2024-01-09 23:58:59'),
	(485, 40, 35, '2024-01-09 23:58:59'),
	(486, 41, 56, '2024-01-09 23:58:59'),
	(487, 42, 34, '2024-01-09 23:58:59'),
	(488, 43, 58, '2024-01-09 23:58:59'),
	(490, 45, 59, '2024-01-09 23:58:59'),
	(491, 46, 56, '2024-01-09 23:58:59'),
	(494, 50, 60, '2024-01-09 23:58:59'),
	(501, 57, 60, '2024-01-09 23:58:59'),
	(502, 58, 60, '2024-01-09 23:58:59'),
	(503, 59, 60, '2024-01-09 23:58:59'),
	(504, 60, 60, '2024-01-09 23:58:59'),
	(505, 61, 60, '2024-01-09 23:58:59'),
	(506, 62, 60, '2024-01-09 23:58:59'),
	(507, 63, 59, '2024-01-09 23:58:59'),
	(508, 64, 59, '2024-01-09 23:58:59'),
	(509, 65, 60, '2024-01-09 23:58:59'),
	(510, 66, 60, '2024-01-09 23:58:59'),
	(511, 67, 60, '2024-01-09 23:58:59'),
	(512, 68, 60, '2024-01-09 23:58:59'),
	(513, 69, 60, '2024-01-09 23:58:59'),
	(514, 71, 60, '2024-01-09 23:58:59'),
	(515, 72, 60, '2024-01-09 23:58:59'),
	(516, 73, 60, '2024-01-09 23:58:59'),
	(517, 74, 60, '2024-01-09 23:58:59'),
	(518, 76, 60, '2024-01-09 23:58:59'),
	(519, 77, 60, '2024-01-09 23:58:59'),
	(520, 78, 60, '2024-01-09 23:58:59'),
	(521, 79, 60, '2024-01-09 23:58:59'),
	(522, 80, 60, '2024-01-09 23:58:59'),
	(523, 81, 60, '2024-01-09 23:58:59'),
	(524, 82, 60, '2024-01-09 23:58:59'),
	(525, 83, 60, '2024-01-09 23:58:59'),
	(526, 84, 60, '2024-01-09 23:58:59'),
	(527, 85, 60, '2024-01-09 23:58:59'),
	(528, 86, 60, '2024-01-09 23:58:59'),
	(529, 87, 60, '2024-01-09 23:58:59'),
	(530, 88, 60, '2024-01-09 23:58:59'),
	(531, 89, 60, '2024-01-09 23:58:59'),
	(532, 90, 60, '2024-01-09 23:58:59'),
	(533, 91, 60, '2024-01-09 23:58:59'),
	(534, 92, 60, '2024-01-09 23:58:59'),
	(535, 93, 60, '2024-01-09 23:58:59'),
	(536, 94, 60, '2024-01-09 23:58:59'),
	(537, 95, 60, '2024-01-09 23:58:59'),
	(538, 96, 60, '2024-01-09 23:58:59'),
	(539, 97, 60, '2024-01-09 23:58:59'),
	(540, 98, 60, '2024-01-09 23:58:59'),
	(541, 99, 60, '2024-01-09 23:58:59'),
	(542, 100, 60, '2024-01-09 23:58:59'),
	(543, 101, 60, '2024-01-09 23:58:59'),
	(544, 102, 60, '2024-01-09 23:58:59'),
	(545, 103, 60, '2024-01-09 23:58:59'),
	(546, 104, 60, '2024-01-09 23:58:59'),
	(547, 105, 59, '2024-01-09 23:58:59'),
	(548, 106, 60, '2024-01-09 23:58:59'),
	(549, 107, 60, '2024-01-09 23:58:59'),
	(550, 108, 60, '2024-01-09 23:58:59'),
	(551, 109, 60, '2024-01-09 23:58:59'),
	(553, 111, 60, '2024-01-09 23:58:59'),
	(554, 112, 60, '2024-01-09 23:58:59'),
	(555, 113, 60, '2024-01-09 23:58:59'),
	(556, 114, 60, '2024-01-09 23:58:59'),
	(557, 115, 60, '2024-01-09 23:58:59'),
	(558, 116, 60, '2024-01-09 23:58:59'),
	(559, 117, 60, '2024-01-09 23:58:59'),
	(560, 118, 60, '2024-01-09 23:58:59'),
	(561, 119, 60, '2024-01-09 23:58:59'),
	(562, 120, 60, '2024-01-09 23:58:59'),
	(563, 121, 60, '2024-01-09 23:58:59'),
	(564, 122, 60, '2024-01-09 23:58:59'),
	(566, 38, 60, '2024-01-20 20:48:58'),
	(567, 39, 60, '2024-01-20 20:48:58'),
	(568, 40, 60, '2024-01-20 20:48:58'),
	(569, 41, 60, '2024-01-20 20:48:58'),
	(570, 42, 60, '2024-01-20 20:48:58'),
	(571, 43, 60, '2024-01-20 20:48:58'),
	(572, 44, 60, '2024-01-20 20:48:58'),
	(573, 45, 60, '2024-01-20 20:48:58'),
	(574, 46, 60, '2024-01-20 20:48:58'),
	(575, 47, 60, '2024-01-20 20:48:58'),
	(576, 48, 60, '2024-01-20 20:48:58'),
	(577, 50, 60, '2024-01-20 20:48:58'),
	(578, 51, 60, '2024-01-20 20:48:58'),
	(579, 52, 60, '2024-01-20 20:48:58'),
	(580, 53, 60, '2024-01-20 20:48:58'),
	(581, 54, 60, '2024-01-20 20:48:58'),
	(582, 55, 60, '2024-01-20 20:48:58'),
	(583, 56, 60, '2024-01-20 20:48:58'),
	(584, 57, 60, '2024-01-20 20:48:58'),
	(585, 58, 60, '2024-01-20 20:48:58'),
	(586, 59, 60, '2024-01-20 20:48:58'),
	(587, 60, 60, '2024-01-20 20:48:58'),
	(588, 61, 60, '2024-01-20 20:48:58'),
	(589, 62, 60, '2024-01-20 20:48:58'),
	(590, 63, 60, '2024-01-20 20:48:58'),
	(591, 64, 60, '2024-01-20 20:48:58'),
	(592, 65, 60, '2024-01-20 20:48:58'),
	(593, 66, 60, '2024-01-20 20:48:58'),
	(594, 67, 60, '2024-01-20 20:48:58'),
	(595, 68, 60, '2024-01-20 20:48:58'),
	(596, 69, 60, '2024-01-20 20:48:58'),
	(597, 71, 60, '2024-01-20 20:48:58'),
	(598, 72, 60, '2024-01-20 20:48:58'),
	(599, 73, 60, '2024-01-20 20:48:58'),
	(600, 74, 60, '2024-01-20 20:48:58'),
	(601, 76, 60, '2024-01-20 20:48:58'),
	(602, 77, 60, '2024-01-20 20:48:58'),
	(603, 78, 60, '2024-01-20 20:48:58'),
	(604, 79, 60, '2024-01-20 20:48:58'),
	(605, 80, 60, '2024-01-20 20:48:58'),
	(606, 81, 60, '2024-01-20 20:48:58'),
	(607, 82, 60, '2024-01-20 20:48:58'),
	(608, 83, 60, '2024-01-20 20:48:58'),
	(609, 84, 60, '2024-01-20 20:48:58'),
	(610, 85, 60, '2024-01-20 20:48:58'),
	(611, 86, 60, '2024-01-20 20:48:58'),
	(612, 87, 60, '2024-01-20 20:48:58'),
	(613, 88, 60, '2024-01-20 20:48:58'),
	(614, 89, 60, '2024-01-20 20:48:58'),
	(615, 90, 60, '2024-01-20 20:48:58'),
	(616, 91, 60, '2024-01-20 20:48:58'),
	(617, 92, 60, '2024-01-20 20:48:58'),
	(618, 93, 60, '2024-01-20 20:48:58'),
	(619, 94, 60, '2024-01-20 20:48:58'),
	(620, 95, 60, '2024-01-20 20:48:58'),
	(621, 96, 60, '2024-01-20 20:48:58'),
	(622, 97, 60, '2024-01-20 20:48:58'),
	(623, 98, 60, '2024-01-20 20:48:58'),
	(624, 99, 60, '2024-01-20 20:48:58'),
	(625, 100, 60, '2024-01-20 20:48:58'),
	(626, 101, 60, '2024-01-20 20:48:58'),
	(627, 102, 60, '2024-01-20 20:48:58'),
	(628, 103, 60, '2024-01-20 20:48:58'),
	(629, 104, 60, '2024-01-20 20:48:58'),
	(630, 105, 60, '2024-01-20 20:48:58'),
	(631, 106, 60, '2024-01-20 20:48:58'),
	(632, 107, 60, '2024-01-20 20:48:58'),
	(633, 108, 60, '2024-01-20 20:48:58'),
	(634, 109, 60, '2024-01-20 20:48:58'),
	(635, 111, 60, '2024-01-20 20:48:58'),
	(636, 112, 60, '2024-01-20 20:48:58'),
	(637, 113, 60, '2024-01-20 20:48:58'),
	(638, 114, 60, '2024-01-20 20:48:58'),
	(639, 115, 60, '2024-01-20 20:48:58'),
	(640, 116, 60, '2024-01-20 20:48:58'),
	(641, 117, 60, '2024-01-20 20:48:58'),
	(642, 118, 60, '2024-01-20 20:48:58'),
	(643, 119, 60, '2024-01-20 20:48:58'),
	(644, 120, 60, '2024-01-20 20:48:58'),
	(645, 121, 60, '2024-01-20 20:48:58'),
	(646, 122, 60, '2024-01-20 20:48:58'),
	(647, 123, 60, '2024-01-20 20:48:58'),
	(648, 38, 59, '2024-01-22 10:56:58'),
	(649, 39, 59, '2024-01-22 10:56:58'),
	(650, 40, 59, '2024-01-22 10:56:58'),
	(651, 41, 60, '2024-01-22 10:56:58'),
	(652, 42, 60, '2024-01-22 10:56:58'),
	(653, 43, 60, '2024-01-22 10:56:58'),
	(654, 44, 60, '2024-01-22 10:56:58'),
	(655, 45, 60, '2024-01-22 10:56:58'),
	(656, 46, 60, '2024-01-22 10:56:58'),
	(657, 47, 60, '2024-01-22 10:56:58'),
	(658, 48, 60, '2024-01-22 10:56:58'),
	(659, 50, 60, '2024-01-22 10:56:58'),
	(660, 51, 60, '2024-01-22 10:56:58'),
	(661, 52, 60, '2024-01-22 10:56:58'),
	(662, 53, 60, '2024-01-22 10:56:58'),
	(663, 54, 60, '2024-01-22 10:56:58'),
	(664, 55, 60, '2024-01-22 10:56:58'),
	(665, 56, 60, '2024-01-22 10:56:58'),
	(666, 57, 60, '2024-01-22 10:56:58'),
	(667, 58, 60, '2024-01-22 10:56:58'),
	(668, 59, 60, '2024-01-22 10:56:58'),
	(669, 60, 60, '2024-01-22 10:56:58'),
	(670, 61, 60, '2024-01-22 10:56:58'),
	(671, 62, 60, '2024-01-22 10:56:58'),
	(672, 63, 60, '2024-01-22 10:56:58'),
	(673, 64, 60, '2024-01-22 10:56:58'),
	(674, 65, 60, '2024-01-22 10:56:58'),
	(675, 66, 60, '2024-01-22 10:56:58'),
	(676, 67, 60, '2024-01-22 10:56:58'),
	(677, 68, 60, '2024-01-22 10:56:58'),
	(678, 69, 60, '2024-01-22 10:56:58'),
	(679, 71, 60, '2024-01-22 10:56:58'),
	(680, 72, 60, '2024-01-22 10:56:58'),
	(681, 73, 60, '2024-01-22 10:56:58'),
	(682, 74, 60, '2024-01-22 10:56:58'),
	(683, 76, 60, '2024-01-22 10:56:58'),
	(684, 77, 60, '2024-01-22 10:56:58'),
	(685, 78, 60, '2024-01-22 10:56:58'),
	(686, 79, 60, '2024-01-22 10:56:58'),
	(687, 80, 60, '2024-01-22 10:56:58'),
	(688, 81, 60, '2024-01-22 10:56:58'),
	(689, 82, 60, '2024-01-22 10:56:58'),
	(690, 83, 60, '2024-01-22 10:56:58'),
	(691, 84, 60, '2024-01-22 10:56:58'),
	(692, 85, 60, '2024-01-22 10:56:58'),
	(693, 86, 60, '2024-01-22 10:56:58'),
	(694, 87, 60, '2024-01-22 10:56:58'),
	(695, 88, 60, '2024-01-22 10:56:58'),
	(696, 89, 60, '2024-01-22 10:56:58'),
	(697, 90, 60, '2024-01-22 10:56:58'),
	(698, 91, 60, '2024-01-22 10:56:58'),
	(699, 92, 60, '2024-01-22 10:56:58'),
	(700, 93, 60, '2024-01-22 10:56:58'),
	(701, 94, 60, '2024-01-22 10:56:58'),
	(702, 95, 60, '2024-01-22 10:56:58'),
	(703, 96, 60, '2024-01-22 10:56:58'),
	(704, 97, 60, '2024-01-22 10:56:58'),
	(705, 98, 60, '2024-01-22 10:56:58'),
	(706, 99, 60, '2024-01-22 10:56:58'),
	(707, 100, 60, '2024-01-22 10:56:58'),
	(708, 101, 60, '2024-01-22 10:56:58'),
	(709, 102, 60, '2024-01-22 10:56:58'),
	(710, 103, 60, '2024-01-22 10:56:58'),
	(711, 104, 60, '2024-01-22 10:56:58'),
	(712, 105, 60, '2024-01-22 10:56:58'),
	(713, 106, 60, '2024-01-22 10:56:58'),
	(714, 107, 60, '2024-01-22 10:56:58'),
	(715, 108, 60, '2024-01-22 10:56:58'),
	(716, 109, 60, '2024-01-22 10:56:58'),
	(717, 111, 60, '2024-01-22 10:56:58'),
	(718, 112, 60, '2024-01-22 10:56:58'),
	(719, 113, 60, '2024-01-22 10:56:58'),
	(720, 114, 60, '2024-01-22 10:56:58'),
	(721, 115, 60, '2024-01-22 10:56:58'),
	(722, 116, 60, '2024-01-22 10:56:58'),
	(723, 117, 60, '2024-01-22 10:56:58'),
	(724, 118, 60, '2024-01-22 10:56:58'),
	(725, 119, 60, '2024-01-22 10:56:58'),
	(726, 120, 60, '2024-01-22 10:56:58'),
	(727, 121, 60, '2024-01-22 10:56:58'),
	(728, 122, 60, '2024-01-22 10:56:58'),
	(729, 123, 60, '2024-01-22 10:56:58'),
	(730, 104, 55, '2024-01-22 14:54:57'),
	(731, 105, 60, '2024-01-22 14:54:57'),
	(732, 142, 10, '2024-01-22 14:54:57');
/*!40000 ALTER TABLE `cancel_products` ENABLE KEYS */;

-- Dumping structure for table commenau.carts
CREATE TABLE IF NOT EXISTS `carts` (
  `id` int(11) NOT NULL AUTO_INCREMENT,
  `userId` bigint(20) NOT NULL,
  PRIMARY KEY (`id`),
  KEY `FK_carts_users` (`userId`),
  CONSTRAINT `FK_carts_users` FOREIGN KEY (`userId`) REFERENCES `users` (`id`) ON DELETE NO ACTION ON UPDATE NO ACTION
) ENGINE=InnoDB AUTO_INCREMENT=17 DEFAULT CHARSET=utf8;

-- Dumping data for table commenau.carts: ~1 rows (approximately)
/*!40000 ALTER TABLE `carts` DISABLE KEYS */;
INSERT INTO `carts` (`id`, `userId`) VALUES
	(5, 1),
	(15, 13),
	(16, 19);
/*!40000 ALTER TABLE `carts` ENABLE KEYS */;

-- Dumping structure for table commenau.cart_items
CREATE TABLE IF NOT EXISTS `cart_items` (
  `id` int(11) NOT NULL AUTO_INCREMENT,
  `cartId` int(11) NOT NULL,
  `productId` int(11) NOT NULL,
  `quantity` int(11) NOT NULL,
  PRIMARY KEY (`id`,`cartId`,`productId`) USING BTREE,
  KEY `FK_cart_items_carts` (`cartId`),
  KEY `FK_cart_items_products` (`productId`),
  CONSTRAINT `FK_cart_items_carts` FOREIGN KEY (`cartId`) REFERENCES `carts` (`id`) ON DELETE NO ACTION ON UPDATE NO ACTION,
  CONSTRAINT `FK_cart_items_products` FOREIGN KEY (`productId`) REFERENCES `products` (`id`) ON DELETE NO ACTION ON UPDATE NO ACTION
) ENGINE=InnoDB AUTO_INCREMENT=249 DEFAULT CHARSET=utf8;

-- Dumping data for table commenau.cart_items: ~7 rows (approximately)
/*!40000 ALTER TABLE `cart_items` DISABLE KEYS */;
INSERT INTO `cart_items` (`id`, `cartId`, `productId`, `quantity`) VALUES
	(239, 15, 42, 1),
	(240, 15, 43, 1),
	(241, 16, 38, 1),
	(242, 16, 39, 1),
	(243, 16, 40, 1),
	(247, 5, 38, 1),
	(248, 5, 39, 3);
/*!40000 ALTER TABLE `cart_items` ENABLE KEYS */;

-- Dumping structure for table commenau.categories
CREATE TABLE IF NOT EXISTS `categories` (
  `id` int(11) NOT NULL AUTO_INCREMENT,
  `name` varchar(255) CHARACTER SET utf8mb4 NOT NULL,
  `code` varchar(255) CHARACTER SET utf8mb4 NOT NULL,
  PRIMARY KEY (`id`)
) ENGINE=InnoDB AUTO_INCREMENT=17 DEFAULT CHARSET=utf8;

-- Dumping data for table commenau.categories: ~4 rows (approximately)
/*!40000 ALTER TABLE `categories` DISABLE KEYS */;
INSERT INTO `categories` (`id`, `name`, `code`) VALUES
	(1, 'Cơm', 'com'),
	(2, 'Món ăn kèm', 'mon-an-kem'),
	(3, 'Nước giải khát', 'nuoc-giai-khat'),
	(4, 'Tráng miệng', 'trang-mieng');
/*!40000 ALTER TABLE `categories` ENABLE KEYS */;

-- Dumping structure for table commenau.contacts
CREATE TABLE IF NOT EXISTS `contacts` (
  `id` int(11) NOT NULL AUTO_INCREMENT,
  `fullName` varchar(255) CHARACTER SET utf8mb4 NOT NULL,
  `email` varchar(255) CHARACTER SET utf8mb4 NOT NULL,
  `message` text CHARACTER SET utf8mb4 NOT NULL,
  `userId` bigint(20) DEFAULT NULL,
  `createdAt` datetime DEFAULT current_timestamp(),
  PRIMARY KEY (`id`),
  KEY `FK_contacts_users` (`userId`),
  CONSTRAINT `FK_contacts_users` FOREIGN KEY (`userId`) REFERENCES `users` (`id`) ON DELETE NO ACTION ON UPDATE NO ACTION
) ENGINE=InnoDB AUTO_INCREMENT=63 DEFAULT CHARSET=utf8;

-- Dumping data for table commenau.contacts: ~15 rows (approximately)
/*!40000 ALTER TABLE `contacts` DISABLE KEYS */;
INSERT INTO `contacts` (`id`, `fullName`, `email`, `message`, `userId`, `createdAt`) VALUES
	(11, 'Nguyễn Văn A', 'vana@example.com', 'Hôm qua tôi đã đến nhà hàng của bạn và thực sự ấn tượng với những món ăn tuyệt vời. Mọi thứ đều rất ngon, từ món pasta hấp dẫn đến món sushi tươi ngon. Điều tuyệt vời nhất là phục vụ của nhân viên, họ rất thân thiện và nhiệt tình. Tôi nhất định sẽ quay lại để thưởng thức nhiều hơn. Xin cảm ơn!', NULL, '2023-10-09 17:45:11'),
	(12, 'Trần Thị B', 'thib@example.com', 'Mình rất hài lòng với chất lượng món steak ở đây. Nó được nấu vừa miệng và thực sự ngon. Không chỉ thế, không gian quán cũng rất thoải mái và ấm cúng. Sẽ giới thiệu nhà hàng này cho bạn bè của mình!', NULL, '2023-12-09 15:46:11'),
	(13, 'Lê Văn C', 'vanc@example.com', 'Tôi rất thích món hải sản ở đây, đặc biệt là dĩa hải sản. Mọi thứ đều tươi ngon và được chuẩn bị rất chất lượng. Một trải nghiệm ẩm thực tuyệt vời!', NULL, '2023-12-09 15:46:11'),
	(14, 'Phạm Thị D', 'phamd@example.com', 'Đồ dessert ở đây thật sự ngon miệng. Mỗi món đều tuyệt vời và làm từ những nguyên liệu tươi ngon. Mình rất hạnh phúc với trải nghiệm ẩm thực này.', NULL, '2023-12-09 15:46:11'),
	(15, 'Ngô Văn E', 'vane@example.com', 'Dịch vụ và không gian rất tuyệt vời! Nhân viên phục vụ rất tốt và không gian rất thoải mái. Sẽ quay lại!', NULL, '2023-12-09 15:46:11'),
	(16, 'Hoàng Thị F', 'thif@example.com', 'Sushi ở đây tươi ngon và thơm ngon. Đã có một trải nghiệm tuyệt vời với những món ăn tại nhà hàng của bạn.', NULL, '2023-12-09 15:46:11'),
	(17, 'Võ Văn G', 'vang@example.com', 'Mình rất thích các lựa chọn thực đơn chay ở đây. Chúng thực sự ngon và đa dạng. Một lựa chọn tốt cho người ăn chay!', NULL, '2023-12-09 15:46:11'),
	(18, 'Đặng Thị H', 'vophihoang252003@gmail.com', 'Thực đơn đồ uống tuyệt vời. Rất nhiều lựa chọn và mọi thứ đều ngon miệng.', NULL, '2023-12-09 15:46:11'),
	(19, 'Trần Văn I', 'vani@example.com', 'Mình đã thưởng thức những chiếc sườn nướng BBQ ở đây và chúng thực sự tuyệt vời. Nướng vừa đủ và gia vị rất ngon.', NULL, '2023-12-09 15:46:11'),
	(20, 'Nguyễn Thị K', 'thik@example.com', 'Pizza ở đây thật ngon và phong phú vị. Mình rất thích!', NULL, '2023-12-09 15:46:11'),
	(21, 'Lý Văn L', 'vanl@example.com', 'Nhân viên rất thân thiện và chăm sóc. Dịch vụ rất tốt.', NULL, '2023-12-09 15:46:11'),
	(22, 'Trần Thị M', 'thim@example.com', 'Mình rất thích những món ăn cay. Tại đây, chúng thực sự ngon và hấp dẫn.', NULL, '2023-12-09 15:46:11'),
	(24, 'Đinh Thị P', 'thip@example.com', 'Món khai vị thật sự ngon miệng. Đã có một trải nghiệm tuyệt vời ở đây!', NULL, '2023-12-09 15:46:11'),
	(58, 'Trần Đình C', 'vophihoang252003@gmail.com', 'Món ăn rất tuyệt vời', NULL, '2024-01-15 14:41:27'),
	(59, 'Phi Nhan', 'vophihoang252003@gmail.com', 'Quán phục vụ rất tốt, nhân viên nhiệt tình, thức ăn đa dạng', 13, '2024-01-20 15:16:27');
/*!40000 ALTER TABLE `contacts` ENABLE KEYS */;

-- Dumping structure for table commenau.conversations
CREATE TABLE IF NOT EXISTS `conversations` (
  `id` int(11) NOT NULL AUTO_INCREMENT,
  `participantId` bigint(20) NOT NULL,
  PRIMARY KEY (`id`),
  KEY `FK_conversations_users` (`participantId`),
  CONSTRAINT `FK_conversations_users` FOREIGN KEY (`participantId`) REFERENCES `users` (`id`) ON DELETE NO ACTION ON UPDATE NO ACTION
) ENGINE=InnoDB AUTO_INCREMENT=15 DEFAULT CHARSET=utf8;

-- Dumping data for table commenau.conversations: ~3 rows (approximately)
/*!40000 ALTER TABLE `conversations` DISABLE KEYS */;
INSERT INTO `conversations` (`id`, `participantId`) VALUES
	(10, 13),
	(13, 18),
	(8, 19);
/*!40000 ALTER TABLE `conversations` ENABLE KEYS */;

-- Dumping structure for table commenau.email_verifications
CREATE TABLE IF NOT EXISTS `email_verifications` (
  `id` int(11) NOT NULL AUTO_INCREMENT,
  `userId` bigint(20) NOT NULL,
  `token` varchar(255) CHARACTER SET utf8mb4 NOT NULL,
  `createdAt` datetime DEFAULT current_timestamp() ON UPDATE current_timestamp(),
  `expriedAt` datetime DEFAULT current_timestamp() ON UPDATE current_timestamp(),
  PRIMARY KEY (`id`),
  UNIQUE KEY `token` (`token`),
  KEY `FK_email_verifications_users` (`userId`),
  CONSTRAINT `FK_email_verifications_users` FOREIGN KEY (`userId`) REFERENCES `users` (`id`) ON DELETE NO ACTION ON UPDATE NO ACTION
) ENGINE=InnoDB AUTO_INCREMENT=26 DEFAULT CHARSET=utf8;

-- Dumping data for table commenau.email_verifications: ~0 rows (approximately)
/*!40000 ALTER TABLE `email_verifications` DISABLE KEYS */;
/*!40000 ALTER TABLE `email_verifications` ENABLE KEYS */;

-- Dumping structure for table commenau.invoices
CREATE TABLE IF NOT EXISTS `invoices` (
  `id` int(11) NOT NULL AUTO_INCREMENT,
  `userId` bigint(20) DEFAULT NULL,
  `fullName` char(200) NOT NULL,
  `shippingFee` double DEFAULT 0,
  `note` varchar(500) CHARACTER SET utf8mb4 DEFAULT NULL,
  `address` varchar(500) CHARACTER SET utf8mb4 NOT NULL,
  `phoneNumber` varchar(20) CHARACTER SET utf8mb4 NOT NULL,
  `email` varchar(50) NOT NULL,
  `paymentMethod` varchar(50) DEFAULT NULL,
  `createdAt` datetime DEFAULT current_timestamp(),
  PRIMARY KEY (`id`),
  KEY `FK_invoices_users` (`userId`),
  CONSTRAINT `FK_invoices_users` FOREIGN KEY (`userId`) REFERENCES `users` (`id`) ON DELETE NO ACTION ON UPDATE NO ACTION
) ENGINE=InnoDB AUTO_INCREMENT=75 DEFAULT CHARSET=utf8;

-- Dumping data for table commenau.invoices: ~5 rows (approximately)
/*!40000 ALTER TABLE `invoices` DISABLE KEYS */;
INSERT INTO `invoices` (`id`, `userId`, `fullName`, `shippingFee`, `note`, `address`, `phoneNumber`, `email`, `paymentMethod`, `createdAt`) VALUES
	(50, 1, 'Nhan Hoàng', 0, '', 'asd', '0333333333', 'vophihoang252003@gmail.com', 'COD', '2024-01-02 22:09:59'),
	(51, 1, 'Nhan Hoàng', NULL, 'Gọi trước khi giao', 'Hồ chí minh', '0333333333', 'vophihoang252003@gmail.com', 'COD', '2024-01-08 16:28:25'),
	(52, 1, 'Nhan Hoàng', NULL, '', 'Hồ chí minh', '0333333333', 'vophihoang252003@gmail.com', 'VNPAY', '2024-01-08 16:30:50'),
	(70, NULL, 'Võ Phi Hoàng', NULL, '', 'Hòa phú', '0355450523', 'vophihoang252003@gmail.com', 'COD', '2024-01-15 20:56:05'),
	(71, 13, 'Phi Hoang', NULL, '', 'as', '0333333333', '21130363@st.hcmuaf.edu.vn', 'COD', '2024-01-20 15:27:43'),
	(72, 13, 'Bob', NULL, 'gọi trước khi giao', 'hồ chí minh', '0333333333', 'vophihoang252003@gmail.com', 'VNPAY', '2024-01-20 15:30:13'),
	(73, NULL, 'Phi Nhan', NULL, '', 'asd', '0333333333', 'vophihoang252003@gmail.com', 'VNPAY', '2024-01-21 17:00:04'),
	(74, NULL, 'Võ phi hoàng', NULL, '', 'Chư Păh', '0355450523', 'vophihoang252003@gmail.com', 'COD', '2024-01-22 10:59:03');
/*!40000 ALTER TABLE `invoices` ENABLE KEYS */;

-- Dumping structure for table commenau.invoice_items
CREATE TABLE IF NOT EXISTS `invoice_items` (
  `id` int(11) NOT NULL AUTO_INCREMENT,
  `invoiceId` int(11) NOT NULL,
  `productId` int(11) DEFAULT NULL,
  `quantity` int(11) NOT NULL,
  `price` double NOT NULL,
  PRIMARY KEY (`id`),
  KEY `FK_invoice_items_invoices` (`invoiceId`),
  KEY `FK_invoice_items_products` (`productId`),
  CONSTRAINT `FK_invoice_items_invoices` FOREIGN KEY (`invoiceId`) REFERENCES `invoices` (`id`) ON DELETE NO ACTION ON UPDATE NO ACTION,
  CONSTRAINT `FK_invoice_items_products` FOREIGN KEY (`productId`) REFERENCES `products` (`id`) ON DELETE NO ACTION ON UPDATE NO ACTION
) ENGINE=InnoDB AUTO_INCREMENT=62 DEFAULT CHARSET=utf8;

-- Dumping data for table commenau.invoice_items: ~28 rows (approximately)
/*!40000 ALTER TABLE `invoice_items` DISABLE KEYS */;
INSERT INTO `invoice_items` (`id`, `invoiceId`, `productId`, `quantity`, `price`) VALUES
	(1, 50, 39, 5, 31000),
	(2, 50, 40, 20, 23000),
	(3, 50, 41, 1, 24000),
	(4, 50, 42, 24, 31000),
	(5, 50, 43, 1, 39000),
	(6, 51, 39, 1, 31000),
	(7, 51, 40, 1, 23000),
	(8, 51, 45, 1, 39000),
	(9, 51, 46, 4, 23000),
	(10, 51, 63, 1, 45000),
	(11, 51, 64, 1, 50000),
	(13, 52, 39, 1, 31000),
	(14, 52, 40, 1, 23000),
	(15, 52, 42, 1, 31000),
	(41, 70, 38, 1, 31000),
	(42, 70, 39, 2, 31000),
	(43, 70, 40, 2, 23000),
	(44, 70, 92, 2, 15000),
	(45, 70, 93, 1, 35000),
	(46, 70, 94, 1, 16000),
	(47, 71, 39, 1, 31000),
	(48, 71, 41, 1, 24000),
	(49, 71, 42, 1, 31000),
	(50, 71, 44, 1, 30000),
	(54, 72, 39, 1, 31000),
	(55, 72, 40, 1, 23000),
	(56, 72, 41, 1, 24000),
	(57, 72, 43, 1, 39000),
	(58, 73, 39, 1, 31000),
	(59, 73, 40, 1, 23000),
	(60, 73, 38, 1, 31000),
	(61, 74, 104, 5, 46000);
/*!40000 ALTER TABLE `invoice_items` ENABLE KEYS */;

-- Dumping structure for table commenau.invoice_status
CREATE TABLE IF NOT EXISTS `invoice_status` (
  `id` int(11) NOT NULL AUTO_INCREMENT,
  `invoiceId` int(11) NOT NULL,
  `status` varchar(255) CHARACTER SET utf8mb4 NOT NULL,
  `createdAt` timestamp NULL DEFAULT current_timestamp() ON UPDATE current_timestamp(),
  PRIMARY KEY (`id`),
  KEY `FK_invoice_status_invoices` (`invoiceId`),
  CONSTRAINT `FK_invoice_status_invoices` FOREIGN KEY (`invoiceId`) REFERENCES `invoices` (`id`) ON DELETE NO ACTION ON UPDATE NO ACTION
) ENGINE=InnoDB AUTO_INCREMENT=15 DEFAULT CHARSET=utf8;

-- Dumping data for table commenau.invoice_status: ~5 rows (approximately)
/*!40000 ALTER TABLE `invoice_status` DISABLE KEYS */;
INSERT INTO `invoice_status` (`id`, `invoiceId`, `status`, `createdAt`) VALUES
	(1, 50, 'Đã giao', '2024-01-02 22:24:02'),
	(2, 51, 'Đã hủy', '2024-01-15 20:32:23'),
	(3, 52, 'Đã giao', '2024-01-15 20:29:12'),
	(10, 70, 'Đang xử lý', '2024-01-20 20:18:09'),
	(11, 71, 'Đã hủy', '2024-01-22 11:07:28'),
	(12, 72, 'Đã giao', '2024-01-20 20:18:22'),
	(13, 73, 'Đang xử lý', '2024-01-21 17:00:04'),
	(14, 74, 'Đang xử lý', '2024-01-22 10:59:03');
/*!40000 ALTER TABLE `invoice_status` ENABLE KEYS */;

-- Dumping structure for table commenau.messages
CREATE TABLE IF NOT EXISTS `messages` (
  `id` int(11) NOT NULL AUTO_INCREMENT,
  `conversationId` int(11) NOT NULL,
  `senderId` bigint(20) NOT NULL,
  `recipientId` bigint(20) NOT NULL,
  `viewed` tinyint(4) DEFAULT 0,
  `content` text CHARACTER SET utf8mb4 NOT NULL,
  `sendTime` timestamp NULL DEFAULT current_timestamp(),
  PRIMARY KEY (`id`)
) ENGINE=InnoDB AUTO_INCREMENT=140 DEFAULT CHARSET=utf8;

-- Dumping data for table commenau.messages: ~28 rows (approximately)
/*!40000 ALTER TABLE `messages` DISABLE KEYS */;
INSERT INTO `messages` (`id`, `conversationId`, `senderId`, `recipientId`, `viewed`, `content`, `sendTime`) VALUES
	(86, 8, 19, 0, 1, 'xin chào', '2024-01-04 11:26:59'),
	(87, 8, 19, 0, 1, 'chào', '2024-01-04 11:27:15'),
	(88, 8, 0, 19, 1, 'hô', '2024-01-04 11:27:25'),
	(89, 8, 19, 0, 1, 'Sự cố phi cơ 737 MAX 9 bung phần thân giữa không trung có thể khiến làn sóng hoài nghi về chất lượng máy bay Boeing tăng lên sau loạt tai nạn.', '2024-01-09 10:57:37'),
	(90, 8, 0, 19, 1, 'Chiếc Boeing 737 MAX 9 mang số hiệu 1282 ngày 5/1 cất cánh từ sân bay quốc tế Portland, bang Oregon, Mỹ để tới California, Mỹ. Tuy nhiên, chỉ 20 phút sau, máy bay chở 177 người phải hạ cánh khẩn cấp khi một phần thân bung khỏi phi cơ, tạo ra lỗ hổng có kích thước tương đương cửa thoát hiểm.', '2024-01-09 10:58:37'),
	(91, 8, 19, 0, 1, 'Ủy ban An toàn Giao thông Mỹ đã bắt đầu điều tra về sự cố mà chiếc Boeing 737 MAX 9 gặp phải khi đang ở độ cao hơn 4.800 m. Jennifer Homendy, chủ tịch ủy ban, cho biết sự việc có thể tồi tệ hơn rất nhiều nếu nó xảy ra ở độ cao lớn hơn.  Nếu sự cố bung thân xảy ra ở độ cao hành trình khoảng 10.000 m, khoang máy bay sẽ lập tức mất khả năng điều áp, toàn bộ dưỡng khí thoát ra ngoài, hành khách bên trong sẽ nhanh chóng bất tỉnh và lạnh cóng. Những người tháo dây an toàn để đi lại trên khoang cũng có thể bị hút ra ngoài qua lỗ thủng.', '2024-01-09 10:58:57'),
	(92, 9, 22, 0, 1, 'Ủy ban An toàn Giao thông Mỹ đã bắt đầu điều tra về sự cố mà chiếc Boeing 737 MAX 9 gặp phải khi đang ở độ cao hơn 4.800 m. Jennifer Homendy, chủ tịch ủy ban, cho biết sự việc có thể tồi tệ hơn rất nhiều nếu nó xảy ra ở độ cao lớn hơn.  Nếu sự cố bung thân xảy ra ở độ cao hành trình khoảng 10.000 m, khoang máy bay sẽ lập tức mất khả năng điều áp, toàn bộ dưỡng khí thoát ra ngoài, hành khách bên trong sẽ nhanh chóng bất tỉnh và lạnh cóng. Những người tháo dây an toàn để đi lại trên khoang cũng có thể bị hút ra ngoài qua lỗ thủng.', '2024-01-09 11:00:55'),
	(93, 9, 0, 22, 1, 'Ủy ban An toàn Giao thông Mỹ đã bắt đầu điều tra về sự cố mà chiếc Boeing 737 MAX 9 gặp phải khi đang ở độ cao hơn 4.800 m. Jennifer Homendy, chủ tịch ủy ban, cho biết sự việc có thể tồi tệ hơn rất nhiều nếu nó xảy ra ở độ cao lớn hơn. Nếu sự cố bung thân xảy ra ở độ cao hành trình khoảng 10.000 m, khoang máy bay sẽ lập tức mất khả năng điều áp, toàn bộ dưỡng khí thoát ra ngoài, hành khách bên trong sẽ nhanh chóng bất tỉnh và lạnh cóng. Những người tháo dây an toàn để đi lại trên khoang cũng có thể bị hút ra ngoài qua lỗ thủng.', '2024-01-09 11:03:49'),
	(94, 8, 19, 0, 1, 'hello', '2024-01-09 11:07:59'),
	(95, 8, 19, 0, 1, 'có gì không ', '2024-01-09 11:14:23'),
	(96, 8, 0, 19, 1, 'không có gì', '2024-01-09 11:14:34'),
	(97, 9, 22, 0, 1, 'hi', '2024-01-09 11:14:53'),
	(98, 10, 13, 0, 1, 'Ủy ban An toàn Giao thông Mỹ đã bắt đầu điều tra về sự cố mà chiếc Boeing 737 MAX 9 gặp phải khi đang ở độ cao hơn 4.800 m. Jennifer Homendy, chủ tịch ủy ban, cho biết sự việc có thể tồi tệ hơn rất nhiều nếu nó xảy ra ở độ cao lớn hơn. Nếu sự cố bung thân xảy ra ở độ cao hành trình khoảng 10.000 m, khoang máy bay sẽ lập tức mất khả năng điều áp, toàn bộ dưỡng khí thoát ra ngoài, hành khách bên trong sẽ nhanh chóng bất tỉnh và lạnh cóng. Những người tháo dây an toàn để đi lại trên khoang cũng có thể bị hút ra ngoài qua lỗ thủng.', '2024-01-09 11:16:16'),
	(99, 10, 0, 13, 1, 'hi', '2024-01-09 11:17:22'),
	(100, 9, 22, 0, 1, 'xin chào', '2024-01-09 11:17:46'),
	(101, 10, 13, 0, 1, 'xinchaof', '2024-01-09 11:18:05'),
	(102, 9, 22, 0, 0, 'Ủy ban An toàn Giao thông Mỹ đã bắt đầu điều tra về sự cố mà chiếc Boeing 737 MAX 9 gặp phải khi đang ở độ cao hơn 4.800 m. Jennifer Homendy, chủ tịch ủy ban, cho biết sự việc có thể tồi tệ hơn rất nhiều nếu nó xảy ra ở độ cao lớn hơn. Nếu sự cố bung thân xảy ra ở độ cao hành trình khoảng 10.000 m, khoang máy bay sẽ lập tức mất khả năng điều áp, toàn bộ dưỡng khí thoát ra ngoài, hành khách bên trong sẽ nhanh chóng bất tỉnh và lạnh cóng. Những người tháo dây an toàn để đi lại trên khoang cũng có thể bị hút ra ngoài qua lỗ thủng.', '2024-01-09 11:34:35'),
	(103, 8, 0, 19, 1, 'xin chào', '2024-01-11 22:00:39'),
	(104, 8, 19, 0, 1, 'xin chào admin', '2024-01-11 22:05:51'),
	(105, 9, 22, 0, 0, 'xin chào admin', '2024-01-12 21:24:48'),
	(106, 9, 22, 0, 1, 'hello', '2024-01-12 21:26:43'),
	(131, 13, 18, 0, 1, 'xin chào bạn admin', '2024-01-20 20:24:36'),
	(132, 13, 0, 18, 1, 'admin xin chào khách hàng', '2024-01-20 20:24:56'),
	(133, 13, 0, 18, 1, 'có gì không ạ', '2024-01-20 20:25:10'),
	(134, 13, 18, 0, 1, 'mình muốn hỏi như sau', '2024-01-20 20:25:23'),
	(135, 13, 18, 0, 1, 'abc', '2024-01-20 20:29:28'),
	(136, 13, 18, 0, 1, '123', '2024-01-20 20:35:37'),
	(137, 13, 18, 0, 1, 'alo', '2024-01-20 20:37:24'),
	(138, 13, 0, 18, 1, 'co gi khogn', '2024-01-20 20:46:34'),
	(139, 8, 0, 19, 1, 'alo', '2024-01-22 10:31:05');
/*!40000 ALTER TABLE `messages` ENABLE KEYS */;

-- Dumping structure for table commenau.products
CREATE TABLE IF NOT EXISTS `products` (
  `id` int(11) NOT NULL AUTO_INCREMENT,
  `categoryId` int(11) DEFAULT NULL,
  `name` varchar(255) CHARACTER SET utf8mb4 NOT NULL,
  `available` int(11) DEFAULT 50,
  `description` text CHARACTER SET utf8mb4 DEFAULT NULL,
  `price` double NOT NULL,
  `discount` float DEFAULT NULL,
  `status` tinyint(4) NOT NULL,
  `rate` float DEFAULT 0,
  `createdAt` datetime DEFAULT current_timestamp(),
  `updatedAt` datetime DEFAULT current_timestamp() ON UPDATE current_timestamp(),
  PRIMARY KEY (`id`),
  KEY `FK_products_categories` (`categoryId`) USING BTREE,
  CONSTRAINT `FK_products_categories` FOREIGN KEY (`categoryId`) REFERENCES `categories` (`id`) ON DELETE NO ACTION ON UPDATE NO ACTION
) ENGINE=InnoDB AUTO_INCREMENT=143 DEFAULT CHARSET=utf8;

-- Dumping data for table commenau.products: ~83 rows (approximately)
/*!40000 ALTER TABLE `products` DISABLE KEYS */;
INSERT INTO `products` (`id`, `categoryId`, `name`, `available`, `description`, `price`, `discount`, `status`, `rate`, `createdAt`, `updatedAt`) VALUES
	(38, 1, 'Tôm Ram Thịt', 60, 'Cơm + Canh + Đồ Xào + Tôm Ram Thịt', 39000, 0.2, 1, NULL, '2023-10-21 17:04:52', '2024-01-22 16:16:22'),
	(39, 1, 'Heo Kho Mắm Ruốc', 60, 'Cơm + Canh + Đồ Xào + Heo Kho Mắm Ruốc', 39000, 0.2, 1, NULL, '2023-10-21 17:04:52', '2024-01-22 16:16:22'),
	(40, 1, 'Sườn Non Ram Mặn Ngọt', 60, 'Cơm + Canh + Đồ Xào + Sườn Non Ram Mặn Ngọt', 39000, 0.4, 1, NULL, '2023-10-21 17:04:52', '2024-01-22 16:16:22'),
	(41, 1, 'Đùi Gà Chiên Xốc Mắm', 60, 'Cơm + Canh + Đồ Xào + Đùi Gà Chiên Xốc Mắm', 39000, 0.38, 1, NULL, '2023-10-21 17:04:52', '2024-01-22 16:16:22'),
	(42, 1, 'Trứng Chiên Thịt Bằm', 60, 'Cơm + Canh + Đồ Xào + Trứng Chiên Thịt Bằm', 39000, 0.2, 1, NULL, '2023-10-21 17:04:52', '2024-01-22 16:16:22'),
	(43, 1, 'Đậu Hủ Nhồi Thịt Sốt Cà', 60, 'Cơm + Canh + Đồ Xào + Đậu Hủ Sốt Cà', 39000, 0, 1, NULL, '2023-10-21 17:04:52', '2024-01-22 16:16:22'),
	(44, 1, 'Đậu Ve Xào Thịt', 60, 'Cơm + Canh+ Đồ Xào + Đậu Ve Xào Thịt', 39000, 0.22, 1, NULL, '2023-10-21 17:04:52', '2024-01-22 16:16:22'),
	(45, 1, 'Gà Kho Sả Ớt', 60, 'Cơm + Canh+ Đồ Xào + Gà kho xả ớt', 39000, 0.01, 1, NULL, '2023-10-21 17:04:52', '2024-01-22 16:16:22'),
	(46, 1, 'Canh Gà Nấu Lá Giang', 60, 'Cơm + Canh gà lá giang + Đồ Xào ', 39000, 0.4, 1, NULL, '2023-10-21 17:04:52', '2024-01-22 16:16:22'),
	(47, 1, 'Cá Nục Chiên Xốc Mắm', 60, 'Cơm + Canh + Đồ Xào + Cá nục chiên', 39000, 0.48, 1, NULL, '2023-10-21 17:04:52', '2024-01-22 16:16:22'),
	(48, 1, 'Cá Cơm Kho Tiêu', 60, 'Cơm + Canh+ Đồ Xào + Cá cơm kho tiêu', 39000, 0, 1, NULL, '2023-10-21 17:04:52', '2024-01-22 16:16:22'),
	(50, 1, 'Heo Kho Tàu', 60, 'Cơm + Canh + Đồ Xào + Heo Kho Tàu', 39000, 0, 1, NULL, '2023-10-21 17:04:52', '2024-01-22 16:16:22'),
	(51, 1, 'Sườn nướng', 60, 'Cơm + Canh+ Đồ Xào + Sườn nướng', 50000, 0.02, 1, NULL, '2023-10-21 17:04:52', '2024-01-22 16:16:22'),
	(52, 1, 'Cơm Tôm Ram Thịt', 60, 'Cơm + Canh+ Đồ Xào + Tôm ram thịt', 50000, 0.39, 1, NULL, '2023-10-21 17:06:35', '2024-01-22 16:16:22'),
	(53, 1, 'Cá lóc nướng', 60, 'Cơm + Canh+ Đồ Xào + Cá lóc nướng', 50000, 0.38, 1, NULL, '2023-10-21 17:06:35', '2024-01-22 16:16:22'),
	(54, 1, 'Tôm Ram Mặn Ngọt', 60, 'Cơm + Canh + Đồ Xào + Tôm Ram Mặn Ngọt', 50000, 0, 1, NULL, '2023-10-21 17:06:35', '2024-01-22 16:16:22'),
	(55, 1, 'Tà hũ thịt sốt cà', 60, 'Cơm + Canh+ Đồ Xào + Tàu hủ sốt cà', 50000, 0.16, 1, NULL, '2023-10-21 17:06:48', '2024-01-22 16:16:22'),
	(56, 1, 'Sườn Xào Chua Ngọt', 60, 'Cơm + Canh + Đồ Xào + Sườn Xào Chua Ngọt', 50000, 0.03, 1, NULL, '2023-10-21 17:06:48', '2024-01-22 16:16:22'),
	(57, 1, 'Cá Ngừ Kho Khóm', 60, 'Cơm + Canh + Đồ Xào + Cá Ngừ Kho Khóm', 50000, 0, 1, NULL, '2023-10-21 17:06:48', '2024-01-22 16:16:22'),
	(58, 1, 'Cơm Tấm Long Xuyên', 60, '- Món phụ, món rau và canh sẽ được thay đổi theo ngày. Đơn giá đã bao gồm chi phí hộp nhựa và đũa thìa, hộp đựng canh, nước chấm', 35000, 0.2, 1, NULL, '2023-10-21 17:06:56', '2024-01-22 16:16:22'),
	(59, 1, 'Cơm Tấm', 60, '- Món phụ, món rau và canh sẽ được thay đổi theo ngày. Đơn giá đã bao gồm chi phí hộp nhựa và đũa thìa, hộp đựng canh, nước chấm', 35000, 0.01, 1, NULL, '2023-10-21 17:06:56', '2024-01-22 16:16:22'),
	(60, 1, 'Cơm Sườn Cốt Lết', 60, '- Món phụ, món rau và canh sẽ được thay đổi theo ngày. Đơn giá đã bao gồm chi phí hộp nhựa và đũa thìa, hộp đựng canh, nước chấm', 35000, 0, 1, NULL, '2023-10-21 17:06:56', '2024-01-22 16:16:22'),
	(61, 1, 'Cơm Sườn Cọng Chả', 60, '- Món phụ, món rau và canh sẽ được thay đổi theo ngày. Đơn giá đã bao gồm chi phí hộp nhựa và đũa thìa, hộp đựng canh, nước chấm', 60000, 0.25, 1, NULL, '2023-10-21 17:06:59', '2024-01-22 16:16:22'),
	(62, 1, 'Cơm Sườn Cọng Bì Trứng', 60, '- Món phụ, món rau và canh sẽ được thay đổi theo ngày. Đơn giá đã bao gồm chi phí hộp nhựa và đũa thìa, hộp đựng canh, nước chấm', 60000, 0.37, 1, NULL, '2023-10-21 17:06:59', '2024-01-22 16:16:22'),
	(63, 1, 'Cơm phá lấu', 60, '- Món phụ, món rau và canh sẽ được thay đổi theo ngày. Đơn giá đã bao gồm chi phí hộp nhựa và đũa thìa, hộp đựng canh, nước chấm', 50000, 0.09, 1, NULL, '2023-10-21 17:06:59', '2024-01-22 16:16:22'),
	(64, 1, 'Cơm Heo Quay Da Giòn', 60, '- Món phụ, món rau và canh sẽ được thay đổi theo ngày. Đơn giá đã bao gồm chi phí hộp nhựa và đũa thìa, hộp đựng canh, nước chấm', 50000, 0, 1, NULL, '2023-10-21 17:07:14', '2024-01-22 16:16:22'),
	(65, 1, 'Cơm Chiên Gà', 60, '- Món phụ, món rau và canh sẽ được thay đổi theo ngày. Đơn giá đã bao gồm chi phí hộp nhựa và đũa thìa, hộp đựng canh, nước chấm', 80000, 0.49, 1, NULL, '2023-10-21 17:07:14', '2024-01-22 16:16:22'),
	(66, 1, 'Cơm Chiên Dương Châu', 60, '- Món phụ, món rau và canh sẽ được thay đổi theo ngày. Đơn giá đã bao gồm chi phí hộp nhựa và đũa thìa, hộp đựng canh, nước chấm', 50000, 0, 1, NULL, '2023-10-21 17:07:14', '2024-01-22 16:16:22'),
	(67, 1, 'Khổ Qua Xào Trứng', 60, 'Cơm + Canh + Đồ Xào + Khổ Qua Xào Trứng', 39000, 0.03, 1, NULL, '2023-10-21 17:09:00', '2024-01-22 16:16:22'),
	(68, 1, 'Cơm sườn cốt lết ram', 60, 'Cơm + Canh+ Đồ Xào + cốt lết ram', 39000, 0.45, 1, NULL, '2023-10-21 17:09:05', '2024-01-22 16:16:22'),
	(69, 1, 'Chả cá sốt cà', 60, 'Cơm + Canh+ Đồ Xào + Chả cá sốt cà', 80000, 0.16, 1, NULL, '2023-10-21 17:09:09', '2024-01-22 16:16:22'),
	(71, 2, 'Canh Chua Tôm', 60, 'Tôm,đậu bắp, cà chua, giá, dọc mùng,..', 19000, 0.22, 1, NULL, '2023-10-21 20:07:20', '2024-01-22 16:16:22'),
	(72, 2, 'Canh Gân Bò Dưa Chua', 60, 'Gân bò, dưa chua, cà chua,...', 19000, 0.27, 1, NULL, '2023-10-21 20:07:20', '2024-01-22 16:16:22'),
	(73, 2, 'Canh Khổ Qua Nhồi', 60, 'Thịt xay, khổ qua,...', 19000, 0.18, 1, NULL, '2023-10-21 20:07:20', '2024-01-22 16:16:22'),
	(74, 2, 'Đùi Nướng Gà Thêm', 60, NULL, 49000, 0, 1, NULL, '2023-10-21 20:07:24', '2024-01-22 16:16:22'),
	(76, 2, 'Sườn Nướng Thêm', 60, NULL, 45000, 0.35, 1, NULL, '2023-10-21 20:07:24', '2024-01-22 16:16:22'),
	(77, 2, 'Ba Rọi Thêm', 60, NULL, 49000, 0, 1, NULL, '2023-10-21 20:07:26', '2024-01-22 16:16:22'),
	(78, 2, 'Thịt Xiên Nướng Thêm', 60, NULL, 45000, 0.16, 1, NULL, '2023-10-21 20:07:26', '2024-01-22 16:16:22'),
	(79, 2, 'Xá Xíu Thêm', 60, NULL, 49000, 0, 1, NULL, '2023-10-21 20:07:26', '2024-01-22 16:16:22'),
	(80, 2, 'Trứng Ốp La Thêm', 60, NULL, 12000, 0.33, 1, NULL, '2023-10-21 20:07:28', '2024-01-22 16:16:22'),
	(81, 2, 'Chả Trứng Thêm', 60, NULL, 18000, 0.06, 1, NULL, '2023-10-21 20:07:28', '2024-01-22 16:16:22'),
	(82, 2, 'Chả Giò Thêm', 60, NULL, 15000, 0.31, 1, NULL, '2023-10-21 20:07:28', '2024-01-22 16:16:22'),
	(83, 2, 'Bì Thêm', 60, NULL, 12000, 0.38, 1, NULL, '2023-10-21 20:07:31', '2024-01-22 16:16:22'),
	(84, 2, 'CÁ HÚ THÊM', 60, NULL, 39000, 0.48, 1, NULL, '2023-10-21 20:07:31', '2024-01-22 16:16:22'),
	(85, 2, 'Thịt Kho Tiêu Thêm', 60, NULL, 39000, 0, 1, NULL, '2023-10-21 20:07:31', '2024-01-22 16:16:22'),
	(86, 2, 'Cơm Thêm', 60, NULL, 9000, 0.24, 1, NULL, '2023-10-21 20:07:33', '2024-01-22 16:16:22'),
	(87, 2, 'Chả Viên Thêm', 60, NULL, 10000, 0.49, 1, NULL, '2023-10-21 20:07:33', '2024-01-22 16:16:22'),
	(88, 2, 'Cá Thu Nhật Kho Tiêu Thêm', 60, NULL, 39000, 0, 1, NULL, '2023-10-21 20:07:33', '2024-01-22 16:16:22'),
	(89, 3, 'Dừa tắc tươi', 60, 'Dừa tắc tươi là một loại nước uống tươi ngon được làm từ tắc tươi.', 20000, 0.24, 1, NULL, '2023-10-22 20:43:09', '2024-01-22 16:16:22'),
	(90, 3, 'Nước dừa tươi', 60, 'Nước dừa tươi là một loại nước uống tự nhiên và tươi ngon được làm từ nước dừa tươi.', 25000, 0.46, 1, NULL, '2023-10-22 20:43:14', '2024-01-22 16:16:22'),
	(91, 3, 'Chai sting dâu', 60, 'Chai Sting vị dâu, một món nước ngon và sảng khoái.', 15000, 0.07, 1, NULL, '2023-10-22 20:43:14', '2024-01-22 16:16:22'),
	(92, 3, 'Redbull', 60, 'Redbull, nước uống cung cấp năng lượng với hương vị độc đáo.', 30000, 0.49, 1, NULL, '2023-10-22 20:43:19', '2024-01-22 16:16:22'),
	(93, 3, 'Nước cam tươi ly lớn', 60, 'Nước cam tươi ngon, tươi mát, ly lớn phục vụ cho sự thưởng thức.', 35000, 0, 1, NULL, '2023-10-22 20:43:19', '2024-01-22 16:16:22'),
	(94, 3, 'Trà tắc tươi mật ong', 60, 'Trà tắc tươi hòa quyện vị ngọt tự nhiên của mật ong.', 18000, 0.13, 1, NULL, '2023-10-22 20:43:19', '2024-01-22 16:16:22'),
	(95, 3, 'Đá me đậu phộng', 60, 'Đá me đậu phộng là một loại đá xay mát lạnh với hương vị chanh me và đậu phộng giòn.', 22000, 0.48, 1, NULL, '2023-10-22 20:43:24', '2024-01-22 16:16:22'),
	(96, 3, 'Cafe sữa đá', 60, 'Cafe sữa đá, món đá cà phê truyền thống của Việt Nam với vị ngon đậm đà.', 20000, 0.01, 1, NULL, '2023-10-22 20:49:16', '2024-01-22 16:16:22'),
	(97, 3, 'Cafe đá', 60, 'Cafe đá, cà phê đá mát lạnh với hương thơm độc đáo.', 18000, 0, 1, NULL, '2023-10-22 20:49:21', '2024-01-22 16:16:22'),
	(98, 3, 'Sữa đậu nành', 60, 'Sữa đậu nành là một loại thức uống ngon và bổ dưỡng cho người ưa chuộng sữa đậu nành.', 15000, 0.02, 1, NULL, '2023-10-22 20:49:23', '2024-01-22 16:16:22'),
	(99, 3, 'Nước ép táo', 60, 'Nước ép táo tươi ngon và bổ dưỡng, đem lại hương vị tươi mát.', 25000, 0.29, 1, NULL, '2023-10-22 20:49:31', '2024-01-22 16:16:22'),
	(100, 3, 'Soda dâu tây', 60, 'Soda dâu tây, nước uống có hương vị dâu tây ngọt ngon.', 20000, 0, 1, NULL, '2023-10-22 20:49:31', '2024-01-22 16:16:22'),
	(101, 3, 'Bạc xỉu đá', 60, 'Bạc xỉu đá, món nước cafe mát lạnh, thường được thêm đá.', 18000, 0.48, 1, NULL, '2023-10-22 20:49:31', '2024-01-22 16:16:22'),
	(102, 3, 'Soda trái vải', 60, 'Soda trái vải, món nước uống sảng khoái với hương vị trái vải.', 20000, 0.31, 1, NULL, '2023-10-22 20:49:51', '2024-01-22 16:16:22'),
	(103, 3, 'Nước tinh khiết', 60, 'Nước tinh khiết, một loại nước uống không có chất tạp, tươi mát.', 10000, 0, 1, NULL, '2023-10-22 20:49:51', '2024-01-22 16:16:22'),
	(104, 1, 'Cơm gà ta luộc', 60, '<p>Cơm g&agrave; ta luộc l&agrave; m&oacute;n cơm truyền thống với g&agrave; ta luộc mềm v&agrave; thơm ngon. M&oacute;n ăn phong c&aacute;ch gia đ&igrave;nh với hương vị quen thuộc, ph&ugrave; hợp cho bữa trưa h&agrave;ng ng&agrave;y.</p>\r\n', 55000, 0.17, 1, 4, '2023-10-22 20:55:08', '2024-01-22 16:16:22'),
	(105, 1, 'Cơm canh chua cá', 60, 'Cơm canh chua cá là món cơm dậy mùi chua ngọt với cá tươi ngon và canh chua đầy hương vị. Món ăn truyền thống có hương vị đậm đà và tươi mát.', 45000, 0.24, 1, NULL, '2023-10-22 20:55:08', '2024-01-22 16:16:22'),
	(106, 1, 'Cơm đùi gà ốp la', 60, 'Cơm đùi gà ốp la là món cơm với đùi gà ốp la thơm ngon và trứng gà béo ngon. Món ăn ngon lành và bổ dưỡng, phù hợp cho cả gia đình.', 50000, 0.19, 1, NULL, '2023-10-22 20:55:08', '2024-01-22 16:16:22'),
	(107, 1, 'Cơm bò xào trứng ốp la', 60, 'Cơm bò xào trứng ốp la là món cơm với bò xào thơm ngon và trứng ốp la béo ngon. Hương vị độc đáo và hấp dẫn.', 60000, 0.25, 1, NULL, '2023-10-22 20:55:08', '2024-01-22 16:16:22'),
	(108, 1, 'Cơm gà kho sả ớt', 60, 'Cơm gà kho sả ớt là món cơm với gà kho thơm ngon và sả ớt cay cay. Món ăn hấp dẫn với hương vị đậm đà.', 55000, 0, 1, NULL, '2023-10-22 20:55:08', '2024-01-22 16:16:22'),
	(109, 1, 'Cơm bò xào', 60, 'Cơm bò xào là món cơm với bò xào thơm ngon và gia vị đa dạng. Món ăn ngon và bổ dưỡng.', 58000, 0.06, 1, NULL, '2023-10-22 20:55:08', '2024-01-22 16:16:22'),
	(111, 1, 'Cơm tấm sườn', 60, 'Cơm tấm sườn là món cơm tấm với sườn thơm ngon và cơm tấm ngon lành. Hương vị đậm đà và ngon miệng.', 50000, 0.4, 1, NULL, '2023-10-22 20:55:08', '2024-01-22 16:16:22'),
	(112, 1, 'Cơm thịt rim tôm', 60, 'Cơm thịt rim tôm là món cơm với thịt rim tôm thơm ngon và gia vị phong phú. Món ăn độc đáo và hấp dẫn.', 65000, 0.07, 1, NULL, '2023-10-22 20:55:08', '2024-01-22 16:16:22'),
	(113, 1, 'Cơm khổ qua chả cá', 60, 'Cơm khổ qua chả cá là món cơm với khổ qua mềm và chả cá thơm ngon. Món ăn đa dạng vị chua ngọt và đậm đà.', 48000, 0, 1, NULL, '2023-10-22 20:55:08', '2024-01-22 16:16:22'),
	(114, 1, 'Cơm thịt kho tiêu', 60, 'Cơm thịt kho tiêu là món cơm với thịt kho tiêu thơm ngon và nước mắm đậm đà. Món ăn phong cách miền Nam ngon lành.', 62000, 0.45, 1, NULL, '2023-10-22 20:55:08', '2024-01-22 16:16:22'),
	(115, 1, 'Cơm trứng cuộn thịt', 60, 'Cơm trứng cuộn thịt là món cơm với trứng cuộn và thịt ngon lành. Món ăn đơn giản nhưng ngon miệng.', 53000, 0, 1, NULL, '2023-10-22 20:55:08', '2024-01-22 16:16:22'),
	(116, 1, 'Cơm mực xào', 60, 'Cơm mực xào là món cơm với mực xào thơm ngon và gia vị đậm đà. Món ăn ngon và hấp dẫn.', 70000, 0.44, 1, NULL, '2023-10-22 20:55:08', '2024-01-22 16:16:22'),
	(117, 1, 'Cơm thịt kho mắm ruốc', 60, 'Món cơm thịt kho mắm ruốc có thịt thơm ngon được kho cùng mắm ruốc, tạo nên một hương vị đặc trưng.', 55000, 0.12, 1, NULL, '2023-10-22 20:55:08', '2024-01-22 16:16:22'),
	(118, 1, 'Cơm tấm đùi gà', 60, 'Cơm tấm đùi gà là món cơm tấm kết hợp với đùi gà thơm ngon. Món này thường kèm theo rau sống và nước mắm.', 60000, 0.28, 1, NULL, '2023-10-22 20:55:08', '2024-01-22 16:16:22'),
	(119, 1, 'Cơm thịt luộc cà pháo', 60, 'Cơm thịt luộc cà pháo là món cơm với thịt luộc và cà pháo tạo nên hương vị hấp dẫn và bổ dưỡng.', 45000, 0, 1, NULL, '2023-10-22 20:55:08', '2024-01-22 16:16:22'),
	(120, 1, 'Cơm thịt kho trứng', 60, 'Cơm thịt kho trứng là món cơm với thịt kho và trứng thơm ngon. Món này có hương vị thấm đẫm.', 50000, 0.28, 1, NULL, '2023-10-22 20:55:08', '2024-01-22 16:16:22'),
	(121, 1, 'Cơm sườn non rim nước dừa', 60, 'Cơm sườn non rim nước dừa là món cơm với sườn non rim cùng nước dừa thơm ngon. Hương vị độc đáo.', 70000, 0.36, 1, NULL, '2023-10-22 20:55:08', '2024-01-22 16:16:22'),
	(122, 1, 'Cơm giò heo hầm cải chua', 60, 'Cơm giò heo hầm cải chua là món cơm với giò heo hầm và cải chua tạo nên hương vị bắt mắt và ngon miệng.', 65000, 0.43, 1, NULL, '2023-10-22 20:55:08', '2024-01-22 16:16:22'),
	(123, NULL, 'Cơm cá chiên sả ớt', 60, 'Cơm cá chiên sả ớt là món cơm với cá chiên giòn, gia vị sả ớt thơm ngon. Món này có hương vị cay nồng.', 75000, 0.08, 1, NULL, '2023-10-22 20:55:08', '2024-01-22 16:16:22'),
	(142, 2, 'Cơm tấm', 60, '', 10000, 0, 1, 0, '2024-01-22 11:08:14', '2024-01-22 16:16:22');
/*!40000 ALTER TABLE `products` ENABLE KEYS */;

-- Dumping structure for table commenau.product_images
CREATE TABLE IF NOT EXISTS `product_images` (
  `id` int(11) NOT NULL AUTO_INCREMENT,
  `productId` int(11) DEFAULT NULL,
  `image` mediumtext DEFAULT NULL,
  `isAvatar` tinyint(4) DEFAULT 0,
  PRIMARY KEY (`id`),
  KEY `FK_product_images_products` (`productId`),
  CONSTRAINT `FK_product_images_products` FOREIGN KEY (`productId`) REFERENCES `products` (`id`) ON DELETE NO ACTION ON UPDATE NO ACTION
) ENGINE=InnoDB AUTO_INCREMENT=122 DEFAULT CHARSET=utf8mb4;

-- Dumping data for table commenau.product_images: ~89 rows (approximately)
/*!40000 ALTER TABLE `product_images` DISABLE KEYS */;
INSERT INTO `product_images` (`id`, `productId`, `image`, `isAvatar`) VALUES
	(1, 38, '38.png', 1),
	(2, 39, '39.png', 1),
	(3, 40, '40.png', 1),
	(4, 41, '41.png', 1),
	(5, 42, '42.png', 1),
	(6, 43, '43.png', 1),
	(7, 44, '44.png', 1),
	(8, 45, '45.png', 1),
	(9, 46, '46.png', 1),
	(10, 47, '47.png', 1),
	(11, 48, '48.png', 1),
	(13, 50, '50.png', 1),
	(14, 51, '51.png', 1),
	(15, 52, '52.png', 1),
	(16, 53, '53.png', 1),
	(17, 54, '54.png', 1),
	(18, 55, '55.png', 1),
	(19, 56, '56.png', 1),
	(20, 57, '57.png', 1),
	(21, 58, '58.png', 1),
	(22, 59, '59.png', 1),
	(23, 60, '60.png', 1),
	(24, 61, '61.png', 1),
	(25, 62, '62.png', 1),
	(26, 63, '63.png', 1),
	(27, 64, '64.png', 1),
	(28, 65, '65.png', 1),
	(29, 66, '66.png', 1),
	(30, 67, '67.png', 1),
	(31, 68, '68.png', 1),
	(32, 69, '69.png', 1),
	(34, 71, '71.png', 1),
	(35, 72, '72.png', 1),
	(36, 73, '73.png', 1),
	(37, 74, '74.png', 1),
	(39, 76, '76.png', 1),
	(40, 77, '77.png', 1),
	(41, 78, '78.png', 1),
	(42, 79, '79.png', 1),
	(43, 80, '80.png', 1),
	(44, 81, '81.png', 1),
	(45, 82, '82.png', 1),
	(46, 83, '83.png', 1),
	(47, 84, '84.png', 1),
	(48, 85, '85.png', 1),
	(49, 86, '86.png', 1),
	(50, 87, '87.png', 1),
	(51, 88, '88.png', 1),
	(52, 89, '89.png', 1),
	(53, 90, '90.png', 1),
	(54, 91, '91.png', 1),
	(55, 92, '92.png', 1),
	(56, 93, '93.png', 1),
	(57, 94, '94.png', 1),
	(58, 95, '95.png', 1),
	(59, 96, '96.png', 1),
	(60, 97, '97.png', 1),
	(61, 98, '98.png', 1),
	(62, 99, '99.png', 1),
	(63, 100, '100.png', 1),
	(64, 101, '101.png', 1),
	(65, 102, '102.png', 1),
	(66, 103, '103.png', 1),
	(67, 104, '104.png', 1),
	(68, 105, '105.png', 1),
	(69, 106, '106.png', 1),
	(70, 107, '107.png', 1),
	(71, 108, '108.png', 1),
	(72, 109, '109.png', 1),
	(74, 111, '111.png', 1),
	(75, 112, '112.png', 1),
	(76, 113, '113.png', 1),
	(77, 114, '114.png', 1),
	(78, 115, '115.png', 1),
	(79, 116, '116.png', 1),
	(80, 117, '117.png', 1),
	(81, 118, '118.png', 1),
	(82, 119, '119.png', 1),
	(83, 120, '120.png', 1),
	(84, 121, '121.png', 1),
	(85, 122, '122.png', 1),
	(86, 123, '123.png', 1),
	(87, 104, '71701872934972.jpg', 0),
	(88, 104, '81701873094393.jpg', 0),
	(89, 104, '101701867909392.jpg', 0),
	(90, 104, '121702047071405.png', 0),
	(117, 142, '101705896494053.jpg', 1),
	(118, 142, '91705896494094.jpg', 0),
	(119, 142, '101705896494108.jpg', 0),
	(120, 142, '111705896494118.jpg', 0),
	(121, 142, '121705896494129.png', 0);
/*!40000 ALTER TABLE `product_images` ENABLE KEYS */;

-- Dumping structure for table commenau.product_reviews
CREATE TABLE IF NOT EXISTS `product_reviews` (
  `id` int(11) NOT NULL AUTO_INCREMENT,
  `userId` bigint(20) NOT NULL,
  `productId` int(11) NOT NULL,
  `rating` int(11) NOT NULL,
  `content` text CHARACTER SET utf8mb4 NOT NULL,
  `createdAt` datetime DEFAULT current_timestamp(),
  PRIMARY KEY (`id`),
  KEY `FK_product_reviews_users` (`userId`),
  KEY `FK_product_reviews_products` (`productId`),
  CONSTRAINT `FK_product_reviews_products` FOREIGN KEY (`productId`) REFERENCES `products` (`id`) ON DELETE NO ACTION ON UPDATE NO ACTION,
  CONSTRAINT `FK_product_reviews_users` FOREIGN KEY (`userId`) REFERENCES `users` (`id`) ON DELETE NO ACTION ON UPDATE NO ACTION
) ENGINE=InnoDB AUTO_INCREMENT=24 DEFAULT CHARSET=utf8;

-- Dumping data for table commenau.product_reviews: ~13 rows (approximately)
/*!40000 ALTER TABLE `product_reviews` DISABLE KEYS */;
INSERT INTO `product_reviews` (`id`, `userId`, `productId`, `rating`, `content`, `createdAt`) VALUES
	(6, 1, 104, 5, 'ngon quá', '2024-01-03 20:21:48'),
	(7, 1, 104, 4, 'ngon quá', '2024-01-03 20:23:18'),
	(8, 1, 104, 4, 'tuyệt vời', '2024-01-09 10:40:59'),
	(9, 1, 104, 4, 'tuyệt vời', '2024-01-09 10:42:11'),
	(14, 13, 104, 1, 'không ngon lắm', '2024-01-20 17:10:02'),
	(15, 13, 104, 3, 'ngon ', '2024-01-20 17:14:12'),
	(16, 13, 104, 5, 'ngon', '2024-01-20 17:15:39'),
	(17, 13, 104, 4, 'tuyệt', '2024-01-20 17:16:02'),
	(18, 13, 104, 4, 'tuyệt', '2024-01-20 17:16:15'),
	(19, 13, 104, 3, 'ngon', '2024-01-20 17:16:52'),
	(21, 19, 38, 2, 'ok', '2024-01-22 10:37:30'),
	(22, 19, 38, 4, 'ngin', '2024-01-22 10:37:38'),
	(23, 19, 38, 1, 'tốt', '2024-01-22 10:37:44');
/*!40000 ALTER TABLE `product_reviews` ENABLE KEYS */;

-- Dumping structure for table commenau.reply_contacts
CREATE TABLE IF NOT EXISTS `reply_contacts` (
  `id` int(11) NOT NULL AUTO_INCREMENT,
  `contactId` int(11) NOT NULL,
  `title` varchar(100) DEFAULT NULL,
  `content` varchar(500) NOT NULL,
  `sendAt` timestamp NULL DEFAULT current_timestamp(),
  PRIMARY KEY (`id`),
  KEY `FK_reply_contacts_contacts` (`contactId`),
  CONSTRAINT `FK_reply_contacts_contacts` FOREIGN KEY (`contactId`) REFERENCES `contacts` (`id`) ON DELETE NO ACTION ON UPDATE NO ACTION
) ENGINE=InnoDB AUTO_INCREMENT=15 DEFAULT CHARSET=utf8mb4;

-- Dumping data for table commenau.reply_contacts: ~10 rows (approximately)
/*!40000 ALTER TABLE `reply_contacts` DISABLE KEYS */;
INSERT INTO `reply_contacts` (`id`, `contactId`, `title`, `content`, `sendAt`) VALUES
	(1, 11, 'Cảm ơn bạn đã liên hệ với chúng tôi về trải nghiệm ở nhà hàng!', 'Chào bạn,\n\nChúng tôi rất vui khi nhận được liên hệ từ bạn về trải nghiệm tại nhà hàng. Chúng tôi luôn đánh giá cao mọi ý kiến đóng góp từ khách hàng. Điều này giúp chúng tôi cải thiện dịch vụ và mang đến trải nghiệm tốt hơn cho tất cả mọi người. Cảm ơn bạn rất nhiều và chúng tôi hy vọng sẽ được đón tiếp bạn một lần nữa.', '2023-12-10 14:27:26'),
	(2, 12, 'Hỗ trợ thông tin đặt chỗ và giờ hoạt động của nhà hàng', 'Xin chào,\n\nCảm ơn bạn đã yêu cầu thông tin về việc đặt chỗ và giờ hoạt động của nhà hàng. Chúng tôi xin gửi đến bạn thông tin cụ thể như sau: Nhà hàng mở cửa từ 10:00 sáng đến 10:00 tối mỗi ngày. Để đặt chỗ, bạn có thể liên hệ trực tiếp qua số điện thoại hoặc website của chúng tôi. Chúng tôi rất mong được đón tiếp bạn tại nhà hàng.', '2023-12-10 14:27:26'),
	(3, 13, 'Thông tin về dịch vụ giao hàng tại nhà hàng', 'Chào bạn,\n\nCảm ơn bạn đã quan tâm đến dịch vụ giao hàng của nhà hàng. Chúng tôi rất vui thông báo rằng chúng tôi có dịch vụ giao hàng tận nơi với nhiều món ăn đa dạng và ngon miệng. Bạn có thể đặt hàng qua ứng dụng di động của chúng tôi hoặc liên hệ trực tiếp để biết thêm thông tin chi tiết về dịch vụ này.', '2023-12-10 14:27:26'),
	(4, 14, 'Chương trình khuyến mãi dành cho khách hàng thân thiết', 'Xin chào,\n\nNhà hàng xin thông báo về chương trình khuyến mãi dành cho khách hàng thân thiết. Bạn sẽ được nhận ngay ưu đãi đặc biệt khi trở thành thành viên của chúng tôi. Cơ hội nhận quà tặng, giảm giá và các ưu đãi hấp dẫn khác đang chờ đón bạn. Đừng bỏ lỡ cơ hội trở thành một trong những khách hàng VIP của nhà hàng!', '2023-12-10 14:27:26'),
	(5, 15, 'Trả lời phản hồi về một đợt thử nghiệm món mới', 'Xin chào,\n\nChúng tôi rất cảm ơn phản hồi của bạn về món ăn mới trong thực đơn. Ý kiến của bạn vô cùng quý báu và sẽ giúp chúng tôi cải thiện món ăn hơn nữa. Chúng tôi cam kết tiếp thu ý kiến từ khách hàng và liên tục cải thiện để mang đến trải nghiệm tốt nhất cho mọi người.', '2023-12-10 14:27:26'),
	(6, 16, 'Giới thiệu các sự kiện đặc biệt tại nhà hàng', 'Xin chào bạn,\n\nChúng tôi rất vui được chia sẻ với bạn về các sự kiện đặc biệt tại nhà hàng trong thời gian tới. Chúng tôi sẽ tổ chức các buổi biểu diễn âm nhạc, các buổi hội thảo về ẩm thực và nhiều sự kiện thú vị khác. Hãy ghé thăm chúng tôi để tham gia cùng chúng tôi trong những sự kiện đặc biệt này!', '2023-12-10 14:27:26'),
	(7, 17, 'Đáp ứng yêu cầu đặc biệt của khách hàng', 'Xin chào,\n\nChúng tôi rất hân hạnh được đáp ứng yêu cầu đặc biệt của bạn. Chúng tôi luôn cố gắng hết mình để mang đến trải nghiệm tốt nhất cho khách hàng. Đừng ngần ngại liên hệ với chúng tôi nếu cần hỗ trợ thêm. Chúng tôi luôn sẵn sàng phục vụ bạn tốt nhất có thể.', '2023-12-10 14:27:26'),
	(8, 18, 'Trung Quốc công bố lập trường giải quyết xung đột Nga-Ukraine', '<p><u><em><strong>Trung Quốc c&ocirc;ng bố lập trường giải quyết xung đột Nga-Ukraine</strong></em></u></p>\n\n<div class="ddict_btn" style="left:391.444px; top:39px"><img src="chrome-extension://cianljdimgjlpmjllcbahmpdnicglaap/logo/48.png" /></div>\n', '2023-12-10 17:01:31'),
	(9, 24, 'Trung Quốc công bố lập trường giải quyết xung đột Nga-Ukraine', '<p><u><em><strong>Trung Quốc c&ocirc;ng bố lập trường giải quyết xung đột Nga-Ukraine</strong></em></u></p>\n\n<div class="ddict_div" style="left:15.2222px; max-width:371.444px; top:41.8889px"><img class="ddict_audio" src="chrome-extension://cianljdimgjlpmjllcbahmpdnicglaap/img/audio.png" />\n<p class="ddict_sentence">China announced its stance on resolving the Russia-Ukraine conflict</p>\n</div>\n', '2023-12-10 17:07:54'),
	(13, 58, 'Cảm ơn vì đã góp ý', '<p>Cảm ơn v&igrave; đ&atilde; g&oacute;p &yacute; của bạn</p>\n', '2024-01-15 14:42:24');
/*!40000 ALTER TABLE `reply_contacts` ENABLE KEYS */;

-- Dumping structure for table commenau.roles
CREATE TABLE IF NOT EXISTS `roles` (
  `id` int(11) NOT NULL AUTO_INCREMENT,
  `name` varchar(255) CHARACTER SET utf8mb4 NOT NULL,
  PRIMARY KEY (`id`)
) ENGINE=InnoDB AUTO_INCREMENT=3 DEFAULT CHARSET=utf8;

-- Dumping data for table commenau.roles: ~2 rows (approximately)
/*!40000 ALTER TABLE `roles` DISABLE KEYS */;
INSERT INTO `roles` (`id`, `name`) VALUES
	(1, 'ROLE_USER'),
	(2, 'ROLE_ADMIN');
/*!40000 ALTER TABLE `roles` ENABLE KEYS */;

-- Dumping structure for table commenau.users
CREATE TABLE IF NOT EXISTS `users` (
  `id` bigint(20) NOT NULL AUTO_INCREMENT,
  `roleId` int(11) NOT NULL,
  `firstName` varchar(255) CHARACTER SET utf8mb4 NOT NULL,
  `lastName` varchar(255) CHARACTER SET utf8mb4 NOT NULL,
  `email` varchar(255) CHARACTER SET utf8mb4 NOT NULL,
  `username` varchar(255) CHARACTER SET utf8mb4 NOT NULL,
  `password` varchar(255) CHARACTER SET utf8mb4 NOT NULL,
  `phoneNumber` varchar(20) CHARACTER SET utf8mb4 DEFAULT NULL,
  `address` varchar(255) CHARACTER SET utf8mb4 DEFAULT NULL,
  `status` varchar(50) CHARACTER SET utf8mb4 NOT NULL,
  `createdAt` datetime DEFAULT current_timestamp(),
  `updatedAt` datetime DEFAULT current_timestamp() ON UPDATE current_timestamp(),
  PRIMARY KEY (`id`),
  UNIQUE KEY `email` (`email`),
  UNIQUE KEY `username` (`username`),
  KEY `role_id` (`roleId`) USING BTREE,
  CONSTRAINT `users_ibfk_1` FOREIGN KEY (`roleId`) REFERENCES `roles` (`id`)
) ENGINE=InnoDB AUTO_INCREMENT=35 DEFAULT CHARSET=utf8;

-- Dumping data for table commenau.users: ~12 rows (approximately)
/*!40000 ALTER TABLE `users` DISABLE KEYS */;
INSERT INTO `users` (`id`, `roleId`, `firstName`, `lastName`, `email`, `username`, `password`, `phoneNumber`, `address`, `status`, `createdAt`, `updatedAt`) VALUES
	(1, 2, 'Hoàng', 'Nhan', 'vophihoang252003@gmail.com', 'admin', '$2a$12$vBAPHSQO97MwV1xlS8Pgm.5DRjnpgL.DarQpKvo7An5FUsfClm1G2', '0333333333', 'Hồ chí minh', 'Đã kích hoạt', '2023-12-01 21:02:25', '2024-01-20 15:21:14'),
	(11, 1, 'John', 'Doe', 'john@example.com', 'johndoe', '$2a$12$vBAPHSQO97MwV1xlS8Pgm.5DRjnpgL.DarQpKvo7An5FUsfClm1G2', '123456789', '123 Main St, City', 'Chưa kích hoạt', '2023-12-01 08:30:00', '2024-01-03 20:48:33'),
	(12, 1, 'Alice', 'Smith', 'alice@example.com', 'alicesmith', '$2a$12$vBAPHSQO97MwV1xlS8Pgm.5DRjnpgL.DarQpKvo7An5FUsfClm1G2', '987654321', '456 Elm St, Town', 'Chưa kích hoạt', '2023-12-02 10:45:00', '2024-01-03 20:48:33'),
	(13, 1, 'Bobh', 'Johnson1', 'bob@example.com', 'bobjohnson', '$2a$10$fVpGvWhkmAkmXGVDywT4y.9Z644Hqlk3Tn6OyZ.vVrKnxNUxgHtKm', '0333333333', 'Khu phố 6, phường linh trung thủ đức', 'Đã kích hoạt', '2023-12-03 12:15:00', '2024-01-20 20:01:07'),
	(14, 1, 'Emma', 'Brown', 'emma@example.com', 'emmabrown', '$2a$12$vBAPHSQO97MwV1xlS8Pgm.5DRjnpgL.DarQpKvo7An5FUsfClm1G2', '111222333', '101 Pine St, Town', 'Chưa kích hoạt', '2023-12-04 14:20:00', '2024-01-03 20:48:34'),
	(15, 1, 'Michael', 'Wilson', 'michael@example.com', 'michaelwilson', '$2a$12$vBAPHSQO97MwV1xlS8Pgm.5DRjnpgL.DarQpKvo7An5FUsfClm1G2', '444555666', '202 Maple St, City', 'Chưa kích hoạt', '2023-12-05 16:00:00', '2024-01-03 20:48:35'),
	(16, 1, 'Sophia', 'Lee', 'sophia@example.com', 'sophialee', '$2a$12$vBAPHSQO97MwV1xlS8Pgm.5DRjnpgL.DarQpKvo7An5FUsfClm1G2', '777888999', '303 Cedar St, Village', 'Chưa kích hoạt', '2023-12-06 18:30:00', '2024-01-03 20:48:35'),
	(17, 1, 'Oliver', 'Davis', 'oliver@example.com', 'oliverdavis', '$2a$12$vBAPHSQO97MwV1xlS8Pgm.5DRjnpgL.DarQpKvo7An5FUsfClm1G2', '333222111', '404 Oak St, City', 'Đã kích hoạt', '2023-12-07 20:10:00', '2024-01-20 20:01:05'),
	(18, 1, 'Charlotte', 'Garcia', 'charlotte@example.com', 'charlottegarcia', '$2a$12$vBAPHSQO97MwV1xlS8Pgm.5DRjnpgL.DarQpKvo7An5FUsfClm1G2', '999888777', '505 Pine St, Town', 'Đã kích hoạt', '2023-12-08 22:25:00', '2024-01-20 20:01:06'),
	(19, 1, 'Daniel', 'Rodriguez', 'daniel@example.com', 'danielrodriguez', '$2a$12$vBAPHSQO97MwV1xlS8Pgm.5DRjnpgL.DarQpKvo7An5FUsfClm1G2', '121212121', '606 Elm St, Village', 'Đã kích hoạt', '2023-12-09 09:00:00', '2024-01-20 20:01:06'),
	(20, 1, 'Ava', 'Martinez', 'ava@example.com', 'avamartinez', '$2a$12$vBAPHSQO97MwV1xlS8Pgm.5DRjnpgL.DarQpKvo7An5FUsfClm1G2', '131313131', '707 Maple St, City', 'Đã kích hoạt', '2023-12-10 11:20:00', '2024-01-22 10:42:00'),
	(34, 1, 'Thiên', 'Thiên', 'hoanghoangking01@gmail.com', '581d0cffce', '$2a$10$nIRcfcT0F8VjZYAWkfo/F.4XMW4kN2sd40m1W1YR.ecczB66HY6ly', NULL, NULL, 'Đã kích hoạt', '2024-01-22 10:42:56', '2024-01-22 10:43:58');
/*!40000 ALTER TABLE `users` ENABLE KEYS */;

-- Dumping structure for table commenau.wishlists
CREATE TABLE IF NOT EXISTS `wishlists` (
  `id` int(11) NOT NULL AUTO_INCREMENT,
  `userId` bigint(20) NOT NULL,
  `productId` int(11) NOT NULL,
  `addedAt` timestamp NULL DEFAULT current_timestamp(),
  PRIMARY KEY (`id`,`userId`,`productId`) USING BTREE,
  KEY `FK_wishlists_users` (`userId`),
  KEY `FK_wishlists_products` (`productId`),
  CONSTRAINT `FK_wishlists_products` FOREIGN KEY (`productId`) REFERENCES `products` (`id`) ON DELETE NO ACTION ON UPDATE NO ACTION,
  CONSTRAINT `FK_wishlists_users` FOREIGN KEY (`userId`) REFERENCES `users` (`id`) ON DELETE NO ACTION ON UPDATE NO ACTION
) ENGINE=InnoDB AUTO_INCREMENT=136 DEFAULT CHARSET=utf8;

-- Dumping data for table commenau.wishlists: ~0 rows (approximately)
/*!40000 ALTER TABLE `wishlists` DISABLE KEYS */;
/*!40000 ALTER TABLE `wishlists` ENABLE KEYS */;

/*!40101 SET SQL_MODE=IFNULL(@OLD_SQL_MODE, '') */;
/*!40014 SET FOREIGN_KEY_CHECKS=IFNULL(@OLD_FOREIGN_KEY_CHECKS, 1) */;
/*!40101 SET CHARACTER_SET_CLIENT=@OLD_CHARACTER_SET_CLIENT */;
/*!40111 SET SQL_NOTES=IFNULL(@OLD_SQL_NOTES, 1) */;
